{
    "iptm+ptm": {
        "model_1_multimer": 0.5173961596260299,
        "model_2_multimer": 0.45864563213331627,
        "model_3_multimer": 0.4900428599763431,
        "model_4_multimer": 0.34911413318994355,
        "model_5_multimer": 0.5992539585585294
    },
    "order": [
        "model_5_multimer",
        "model_1_multimer",
        "model_3_multimer",
        "model_2_multimer",
        "model_4_multimer"
    ]
}