{
    "plddts": {
        "model_1": 83.76651704454176,
        "model_2": 81.82617264496619,
        "model_3": 81.5457606156965,
        "model_4": 82.63704660084943,
        "model_5": 82.3695704639382
    },
    "order": [
        "model_1",
        "model_4",
        "model_5",
        "model_2",
        "model_3"
    ]
}