{
    "features": 1008.3356413841248,
    "process_features_model_1": 3.8780903816223145,
    "predict_and_compile_model_1": 34.4892463684082,
    "relax_model_1": 145.82270789146423,
    "process_features_model_2": 3.9393866062164307,
    "predict_and_compile_model_2": 29.518455505371094,
    "relax_model_2": 158.65939736366272,
    "process_features_model_3": 2.8976986408233643,
    "predict_and_compile_model_3": 32.35684108734131,
    "relax_model_3": 148.258957862854,
    "process_features_model_4": 3.1401541233062744,
    "predict_and_compile_model_4": 32.35161519050598,
    "relax_model_4": 158.58406567573547,
    "process_features_model_5": 2.863428831100464,
    "predict_and_compile_model_5": 27.65424346923828,
    "relax_model_5": 156.73626852035522
}