{
    "features": 939.59588098526,
    "process_features_model_1": 3.977508544921875,
    "predict_and_compile_model_1": 295.0153112411499,
    "relax_model_1": 163.5434582233429,
    "process_features_model_2": 1.9694364070892334,
    "predict_and_compile_model_2": 177.843585729599,
    "relax_model_2": 168.62738752365112,
    "process_features_model_3": 1.6571860313415527,
    "predict_and_compile_model_3": 138.35732698440552,
    "relax_model_3": 189.75088119506836,
    "process_features_model_4": 1.7460906505584717,
    "predict_and_compile_model_4": 129.40967655181885,
    "relax_model_4": 150.0683310031891,
    "process_features_model_5": 1.788393259048462,
    "predict_and_compile_model_5": 123.11634564399719,
    "relax_model_5": 176.24981117248535
}