{
    "features": 1012.242388010025,
    "process_features_model_1": 4.381927967071533,
    "predict_and_compile_model_1": 43.86734676361084,
    "relax_model_1": 175.06215572357178,
    "process_features_model_2": 3.8936901092529297,
    "predict_and_compile_model_2": 37.3930139541626,
    "relax_model_2": 166.6627321243286,
    "process_features_model_3": 2.984571933746338,
    "predict_and_compile_model_3": 40.921998262405396,
    "relax_model_3": 171.86611461639404,
    "process_features_model_4": 3.0508573055267334,
    "predict_and_compile_model_4": 41.10861158370972,
    "relax_model_4": 176.59109163284302,
    "process_features_model_5": 2.8621530532836914,
    "predict_and_compile_model_5": 35.110538959503174,
    "relax_model_5": 285.63708543777466
}