{
    "features": 4503.170944929123,
    "process_features_model_1_multimer": 1.6689300537109375e-05,
    "predict_and_compile_model_1_multimer": 984.4236154556274,
    "relax_model_1_multimer": 153.30063271522522,
    "process_features_model_2_multimer": 6.9141387939453125e-06,
    "predict_and_compile_model_2_multimer": 715.4219381809235,
    "relax_model_2_multimer": 127.53097796440125,
    "process_features_model_3_multimer": 7.3909759521484375e-06,
    "predict_and_compile_model_3_multimer": 691.6566398143768,
    "relax_model_3_multimer": 168.23470735549927,
    "process_features_model_4_multimer": 1.52587890625e-05,
    "predict_and_compile_model_4_multimer": 1007.4500119686127,
    "relax_model_4_multimer": 126.33982753753662,
    "process_features_model_5_multimer": 1.4066696166992188e-05,
    "predict_and_compile_model_5_multimer": 625.2234580516815,
    "relax_model_5_multimer": 85.72800421714783
}