{
    "plddts": {
        "model_1": 85.14283326047305,
        "model_2": 82.71846770095753,
        "model_3": 83.25426324224247,
        "model_4": 85.05559969121845,
        "model_5": 81.37891061692453
    },
    "order": [
        "model_1",
        "model_4",
        "model_3",
        "model_2",
        "model_5"
    ]
}