{
    "plddts": {
        "model_1": 90.54294778725787,
        "model_2": 90.67754349624454,
        "model_3": 90.46479234093388,
        "model_4": 90.11079539256507,
        "model_5": 90.54951955715761
    },
    "order": [
        "model_2",
        "model_5",
        "model_1",
        "model_3",
        "model_4"
    ]
}