{
    "features": 874.2578048706055,
    "process_features_model_1": 2.0528228282928467,
    "predict_and_compile_model_1": 77.67005896568298,
    "relax_model_1": 17.84356999397278,
    "process_features_model_2": 2.0137336254119873,
    "predict_and_compile_model_2": 67.94334673881531,
    "relax_model_2": 14.31207799911499,
    "process_features_model_3": 1.4973254203796387,
    "predict_and_compile_model_3": 74.35495090484619,
    "relax_model_3": 14.552817821502686,
    "process_features_model_4": 1.5245647430419922,
    "predict_and_compile_model_4": 74.48088312149048,
    "relax_model_4": 14.292360782623291,
    "process_features_model_5": 1.4887428283691406,
    "predict_and_compile_model_5": 64.75572514533997,
    "relax_model_5": 13.92503833770752
}