{
    "plddts": {
        "model_1": 89.61775899636903,
        "model_2": 88.44446425016571,
        "model_3": 90.76885605379005,
        "model_4": 89.38623377146001,
        "model_5": 88.07822660433227
    },
    "order": [
        "model_3",
        "model_1",
        "model_4",
        "model_2",
        "model_5"
    ]
}