{
    "features": 880.0402011871338,
    "process_features_model_1": 1.754126787185669,
    "predict_and_compile_model_1": 168.47971081733704,
    "relax_model_1": 26.412052631378174,
    "process_features_model_2": 1.6462457180023193,
    "predict_and_compile_model_2": 154.86547803878784,
    "relax_model_2": 15.383262395858765,
    "process_features_model_3": 1.3536298274993896,
    "predict_and_compile_model_3": 140.2595362663269,
    "relax_model_3": 18.543765783309937,
    "process_features_model_4": 1.5359783172607422,
    "predict_and_compile_model_4": 136.60130953788757,
    "relax_model_4": 16.39606213569641,
    "process_features_model_5": 1.4204905033111572,
    "predict_and_compile_model_5": 120.28308510780334,
    "relax_model_5": 16.295914888381958
}