{
    "plddts": {
        "model_1": 94.55424117149337,
        "model_2": 94.19043944959623,
        "model_3": 93.04391957810091,
        "model_4": 94.09917208631649,
        "model_5": 93.13820937816158
    },
    "order": [
        "model_1",
        "model_2",
        "model_4",
        "model_5",
        "model_3"
    ]
}