{
    "features": 894.3192603588104,
    "process_features_model_1_multimer": 4.76837158203125e-05,
    "predict_and_compile_model_1_multimer": 1846.8226821422577,
    "relax_model_1_multimer": 419.4417862892151,
    "process_features_model_2_multimer": 2.4318695068359375e-05,
    "predict_and_compile_model_2_multimer": 2348.188936471939,
    "relax_model_2_multimer": 772.6714098453522,
    "process_features_model_3_multimer": 7.3909759521484375e-06,
    "predict_and_compile_model_3_multimer": 1334.2629783153534,
    "relax_model_3_multimer": 393.4478485584259,
    "process_features_model_4_multimer": 5.9604644775390625e-06,
    "predict_and_compile_model_4_multimer": 1333.0515615940094,
    "relax_model_4_multimer": 975.6392450332642,
    "process_features_model_5_multimer": 1.9311904907226562e-05,
    "predict_and_compile_model_5_multimer": 2583.1633911132812,
    "relax_model_5_multimer": 885.7691814899445
}