{
    "features": 930.6158137321472,
    "process_features_model_1": 3.2382547855377197,
    "predict_and_compile_model_1": 215.74486684799194,
    "relax_model_1": 26.444979906082153,
    "process_features_model_2": 3.027360200881958,
    "predict_and_compile_model_2": 192.9141809940338,
    "relax_model_2": 26.629804372787476,
    "process_features_model_3": 2.3008503913879395,
    "predict_and_compile_model_3": 167.29630708694458,
    "relax_model_3": 25.78907537460327,
    "process_features_model_4": 2.294422149658203,
    "predict_and_compile_model_4": 164.13590812683105,
    "relax_model_4": 27.199239492416382,
    "process_features_model_5": 2.1942715644836426,
    "predict_and_compile_model_5": 163.60506868362427,
    "relax_model_5": 17.764485836029053
}