{
    "plddts": {
        "model_1": 90.19791114892668,
        "model_2": 89.4608121103558,
        "model_3": 88.86319557698278,
        "model_4": 89.5992334073185,
        "model_5": 89.0982914113942
    },
    "order": [
        "model_1",
        "model_4",
        "model_2",
        "model_5",
        "model_3"
    ]
}