{
    "features": 1004.0501563549042,
    "process_features_model_1": 3.792912721633911,
    "predict_and_compile_model_1": 40.496806144714355,
    "relax_model_1": 166.22621893882751,
    "process_features_model_2": 3.6575300693511963,
    "predict_and_compile_model_2": 35.22497820854187,
    "relax_model_2": 169.31882572174072,
    "process_features_model_3": 3.046055316925049,
    "predict_and_compile_model_3": 38.57451796531677,
    "relax_model_3": 164.7807319164276,
    "process_features_model_4": 2.9672229290008545,
    "predict_and_compile_model_4": 38.56943607330322,
    "relax_model_4": 153.64391827583313,
    "process_features_model_5": 2.8151979446411133,
    "predict_and_compile_model_5": 33.14875054359436,
    "relax_model_5": 191.1159462928772
}