{
    "features": 983.3340706825256,
    "process_features_model_1": 2.5518903732299805,
    "predict_and_compile_model_1": 50.82545781135559,
    "relax_model_1": 176.39235639572144,
    "process_features_model_2": 2.492170810699463,
    "predict_and_compile_model_2": 44.19437336921692,
    "relax_model_2": 143.26085805892944,
    "process_features_model_3": 1.9608838558197021,
    "predict_and_compile_model_3": 45.9936101436615,
    "relax_model_3": 159.82482624053955,
    "process_features_model_4": 1.982452392578125,
    "predict_and_compile_model_4": 46.07893657684326,
    "relax_model_4": 145.3110489845276,
    "process_features_model_5": 1.9439666271209717,
    "predict_and_compile_model_5": 39.98995780944824,
    "relax_model_5": 167.83577609062195
}