{
    "plddts": {
        "model_1": 88.60705672850335,
        "model_2": 88.0480573904569,
        "model_3": 89.58257478458505,
        "model_4": 87.75997197900226,
        "model_5": 87.75424043927832
    },
    "order": [
        "model_3",
        "model_1",
        "model_2",
        "model_4",
        "model_5"
    ]
}