{
    "plddts": {
        "model_1": 84.30208741170729,
        "model_2": 84.38371874253563,
        "model_3": 85.79423251967805,
        "model_4": 85.10019126730832,
        "model_5": 84.32873586120034
    },
    "order": [
        "model_3",
        "model_4",
        "model_2",
        "model_5",
        "model_1"
    ]
}