{
    "plddts": {
        "model_1": 51.28281114446627,
        "model_2": 56.3432333463103,
        "model_3": 53.28871956645332,
        "model_4": 56.79730624400496,
        "model_5": 54.34119525609496
    },
    "order": [
        "model_4",
        "model_2",
        "model_5",
        "model_3",
        "model_1"
    ]
}