{
    "features": 1005.3686408996582,
    "process_features_model_1": 3.8496274948120117,
    "predict_and_compile_model_1": 43.34416651725769,
    "relax_model_1": 180.8400707244873,
    "process_features_model_2": 3.912524461746216,
    "predict_and_compile_model_2": 36.978758335113525,
    "relax_model_2": 197.2603075504303,
    "process_features_model_3": 3.0821845531463623,
    "predict_and_compile_model_3": 40.61983847618103,
    "relax_model_3": 159.8796947002411,
    "process_features_model_4": 3.0262651443481445,
    "predict_and_compile_model_4": 40.64758896827698,
    "relax_model_4": 182.35293793678284,
    "process_features_model_5": 2.9951274394989014,
    "predict_and_compile_model_5": 34.960115909576416,
    "relax_model_5": 162.59257340431213
}