{
    "plddts": {
        "model_1": 87.87509320148737,
        "model_2": 88.83911525524249,
        "model_3": 86.80857362792017,
        "model_4": 86.33465959038402,
        "model_5": 85.7551852697108
    },
    "order": [
        "model_2",
        "model_1",
        "model_3",
        "model_4",
        "model_5"
    ]
}