{
    "features": 1008.5244615077972,
    "process_features_model_1": 3.942561626434326,
    "predict_and_compile_model_1": 38.13272190093994,
    "relax_model_1": 156.27651596069336,
    "process_features_model_2": 3.6487538814544678,
    "predict_and_compile_model_2": 32.89958190917969,
    "relax_model_2": 183.9700562953949,
    "process_features_model_3": 3.0918354988098145,
    "predict_and_compile_model_3": 35.67335081100464,
    "relax_model_3": 157.84585857391357,
    "process_features_model_4": 3.1603569984436035,
    "predict_and_compile_model_4": 35.9907112121582,
    "relax_model_4": 157.38583850860596,
    "process_features_model_5": 3.2125508785247803,
    "predict_and_compile_model_5": 30.938724517822266,
    "relax_model_5": 164.8840823173523
}