{
    "plddts": {
        "model_1": 57.56420490431263,
        "model_2": 61.12507457881129,
        "model_3": 70.45124661207326,
        "model_4": 69.99236980202372,
        "model_5": 71.78016826841396
    },
    "order": [
        "model_5",
        "model_3",
        "model_4",
        "model_2",
        "model_1"
    ]
}