{
    "features": 971.6605830192566,
    "process_features_model_1": 3.70810604095459,
    "predict_and_compile_model_1": 213.4059178829193,
    "relax_model_1": 37.01267385482788,
    "process_features_model_2": 3.340963363647461,
    "predict_and_compile_model_2": 197.2696442604065,
    "relax_model_2": 32.956411838531494,
    "process_features_model_3": 2.472897529602051,
    "predict_and_compile_model_3": 165.22734332084656,
    "relax_model_3": 26.1078143119812,
    "process_features_model_4": 2.324390411376953,
    "predict_and_compile_model_4": 162.25919699668884,
    "relax_model_4": 26.176741361618042,
    "process_features_model_5": 2.3275184631347656,
    "predict_and_compile_model_5": 151.6802260875702,
    "relax_model_5": 26.807830810546875
}