{
    "plddts": {
        "model_1": 88.61594525368166,
        "model_2": 87.68291124011535,
        "model_3": 89.52894409177651,
        "model_4": 89.30343563465686,
        "model_5": 89.44324550485173
    },
    "order": [
        "model_3",
        "model_5",
        "model_4",
        "model_1",
        "model_2"
    ]
}