{
    "features": 973.7434678077698,
    "process_features_model_1": 2.6638340950012207,
    "predict_and_compile_model_1": 183.80164766311646,
    "relax_model_1": 149.48576021194458,
    "process_features_model_2": 2.5702333450317383,
    "predict_and_compile_model_2": 194.43797731399536,
    "relax_model_2": 139.45661330223083,
    "process_features_model_3": 2.023693323135376,
    "predict_and_compile_model_3": 154.53611207008362,
    "relax_model_3": 153.9380075931549,
    "process_features_model_4": 2.0812389850616455,
    "predict_and_compile_model_4": 127.2270302772522,
    "relax_model_4": 142.42072415351868,
    "process_features_model_5": 2.098405361175537,
    "predict_and_compile_model_5": 118.71243476867676,
    "relax_model_5": 148.48962473869324
}