{
    "features": 916.8576717376709,
    "process_features_model_1": 3.744072914123535,
    "predict_and_compile_model_1": 203.31419491767883,
    "relax_model_1": 23.665275812149048,
    "process_features_model_2": 3.5291805267333984,
    "predict_and_compile_model_2": 183.17627096176147,
    "relax_model_2": 23.35865592956543,
    "process_features_model_3": 2.5876832008361816,
    "predict_and_compile_model_3": 148.62340116500854,
    "relax_model_3": 23.460116147994995,
    "process_features_model_4": 2.7102038860321045,
    "predict_and_compile_model_4": 159.38073110580444,
    "relax_model_4": 14.150978565216064,
    "process_features_model_5": 3.0083961486816406,
    "predict_and_compile_model_5": 144.7204155921936,
    "relax_model_5": 13.820752382278442
}