{
    "plddts": {
        "model_1": 64.82322847253312,
        "model_2": 62.03658843188786,
        "model_3": 63.987696513077125,
        "model_4": 57.27219650931552,
        "model_5": 65.25087235579898
    },
    "order": [
        "model_5",
        "model_1",
        "model_3",
        "model_2",
        "model_4"
    ]
}