{
    "features": 1018.2223196029663,
    "process_features_model_1": 4.071158170700073,
    "predict_and_compile_model_1": 212.87373161315918,
    "relax_model_1": 287.5590183734894,
    "process_features_model_2": 3.9873101711273193,
    "predict_and_compile_model_2": 211.2129783630371,
    "relax_model_2": 158.3496150970459,
    "process_features_model_3": 3.0529067516326904,
    "predict_and_compile_model_3": 155.8374445438385,
    "relax_model_3": 183.57944345474243,
    "process_features_model_4": 3.0142247676849365,
    "predict_and_compile_model_4": 152.79655981063843,
    "relax_model_4": 222.6750946044922,
    "process_features_model_5": 3.032336473464966,
    "predict_and_compile_model_5": 137.40340542793274,
    "relax_model_5": 168.0355043411255
}