{
    "plddts": {
        "model_1": 92.71791949524184,
        "model_2": 92.18342321866793,
        "model_3": 90.41351802029139,
        "model_4": 92.11267892239906,
        "model_5": 93.0558613787353
    },
    "order": [
        "model_5",
        "model_1",
        "model_2",
        "model_4",
        "model_3"
    ]
}