{
    "plddts": {
        "model_1": 89.91598807237054,
        "model_2": 90.77069767739988,
        "model_3": 91.35807402898301,
        "model_4": 91.9413144798626,
        "model_5": 91.641538027288
    },
    "order": [
        "model_4",
        "model_5",
        "model_3",
        "model_2",
        "model_1"
    ]
}