{
    "features": 1008.2415771484375,
    "process_features_model_1": 3.6537744998931885,
    "predict_and_compile_model_1": 203.82154631614685,
    "relax_model_1": 204.3218424320221,
    "process_features_model_2": 3.555070161819458,
    "predict_and_compile_model_2": 190.4056215286255,
    "relax_model_2": 189.73185920715332,
    "process_features_model_3": 2.864745855331421,
    "predict_and_compile_model_3": 137.37391686439514,
    "relax_model_3": 190.2456555366516,
    "process_features_model_4": 2.870816230773926,
    "predict_and_compile_model_4": 132.54654359817505,
    "relax_model_4": 200.4823558330536,
    "process_features_model_5": 2.9524571895599365,
    "predict_and_compile_model_5": 127.96184992790222,
    "relax_model_5": 187.53541445732117
}