{
    "features": 1008.581202507019,
    "process_features_model_1": 3.9506075382232666,
    "predict_and_compile_model_1": 43.776381731033325,
    "relax_model_1": 227.66471004486084,
    "process_features_model_2": 3.8329477310180664,
    "predict_and_compile_model_2": 37.961341381073,
    "relax_model_2": 177.11251664161682,
    "process_features_model_3": 2.8185267448425293,
    "predict_and_compile_model_3": 41.28428339958191,
    "relax_model_3": 167.22831964492798,
    "process_features_model_4": 3.021636962890625,
    "predict_and_compile_model_4": 41.37800574302673,
    "relax_model_4": 197.40240049362183,
    "process_features_model_5": 3.007499933242798,
    "predict_and_compile_model_5": 35.437023639678955,
    "relax_model_5": 169.92612314224243
}