{
    "features": 1013.424144744873,
    "process_features_model_1": 3.6957218647003174,
    "predict_and_compile_model_1": 194.4577305316925,
    "relax_model_1": 260.790860414505,
    "process_features_model_2": 3.7456490993499756,
    "predict_and_compile_model_2": 184.1726303100586,
    "relax_model_2": 158.45645880699158,
    "process_features_model_3": 2.8660738468170166,
    "predict_and_compile_model_3": 131.0448977947235,
    "relax_model_3": 175.46660733222961,
    "process_features_model_4": 2.909944534301758,
    "predict_and_compile_model_4": 128.2326467037201,
    "relax_model_4": 197.2750358581543,
    "process_features_model_5": 2.857225179672241,
    "predict_and_compile_model_5": 123.00555109977722,
    "relax_model_5": 169.57191395759583
}