{
    "features": 985.0015420913696,
    "process_features_model_1": 3.2797608375549316,
    "predict_and_compile_model_1": 209.91917991638184,
    "relax_model_1": 315.65703558921814,
    "process_features_model_2": 3.3155596256256104,
    "predict_and_compile_model_2": 191.39399790763855,
    "relax_model_2": 186.05140852928162,
    "process_features_model_3": 2.6568050384521484,
    "predict_and_compile_model_3": 148.84677624702454,
    "relax_model_3": 166.84866213798523,
    "process_features_model_4": 2.5676753520965576,
    "predict_and_compile_model_4": 145.22526907920837,
    "relax_model_4": 174.06646823883057,
    "process_features_model_5": 9.135237455368042,
    "predict_and_compile_model_5": 130.61351323127747,
    "relax_model_5": 172.7589087486267
}