{
    "plddts": {
        "model_1": 92.59200048571321,
        "model_2": 92.58093217579845,
        "model_3": 90.86024245884074,
        "model_4": 91.99163095373041,
        "model_5": 89.9547454137759
    },
    "order": [
        "model_1",
        "model_2",
        "model_4",
        "model_3",
        "model_5"
    ]
}