{
    "plddts": {
        "model_1": 93.03493970057362,
        "model_2": 93.67090363995086,
        "model_3": 92.43555796381831,
        "model_4": 93.78216210235308,
        "model_5": 92.57816805692356
    },
    "order": [
        "model_4",
        "model_2",
        "model_1",
        "model_5",
        "model_3"
    ]
}