{
    "plddts": {
        "model_1": 88.13877526194858,
        "model_2": 87.87015828151239,
        "model_3": 88.84596457828864,
        "model_4": 87.45207725496296,
        "model_5": 86.17891505310104
    },
    "order": [
        "model_3",
        "model_1",
        "model_2",
        "model_4",
        "model_5"
    ]
}