{
    "features": 1002.3447904586792,
    "process_features_model_1": 3.9681973457336426,
    "predict_and_compile_model_1": 203.1721694469452,
    "relax_model_1": 164.392427444458,
    "process_features_model_2": 4.02058219909668,
    "predict_and_compile_model_2": 181.55832767486572,
    "relax_model_2": 233.06133842468262,
    "process_features_model_3": 2.9594855308532715,
    "predict_and_compile_model_3": 132.37804746627808,
    "relax_model_3": 402.40875601768494,
    "process_features_model_4": 3.081448793411255,
    "predict_and_compile_model_4": 127.95742869377136,
    "relax_model_4": 169.50226068496704,
    "process_features_model_5": 2.9329721927642822,
    "predict_and_compile_model_5": 123.21330094337463,
    "relax_model_5": 230.48553681373596
}