{
    "features": 1011.2435519695282,
    "process_features_model_1": 3.8279519081115723,
    "predict_and_compile_model_1": 43.77382254600525,
    "relax_model_1": 169.89997124671936,
    "process_features_model_2": 3.7029547691345215,
    "predict_and_compile_model_2": 37.89621090888977,
    "relax_model_2": 164.748361825943,
    "process_features_model_3": 2.6809298992156982,
    "predict_and_compile_model_3": 41.548157930374146,
    "relax_model_3": 164.81773591041565,
    "process_features_model_4": 2.7844362258911133,
    "predict_and_compile_model_4": 41.51785326004028,
    "relax_model_4": 185.04689502716064,
    "process_features_model_5": 2.853065252304077,
    "predict_and_compile_model_5": 35.3769588470459,
    "relax_model_5": 165.62473821640015
}