{
    "features": 997.2591125965118,
    "process_features_model_1": 3.7933223247528076,
    "predict_and_compile_model_1": 207.57907104492188,
    "relax_model_1": 146.0094120502472,
    "process_features_model_2": 3.9736201763153076,
    "predict_and_compile_model_2": 192.24906873703003,
    "relax_model_2": 144.18437910079956,
    "process_features_model_3": 2.9914064407348633,
    "predict_and_compile_model_3": 142.17686343193054,
    "relax_model_3": 143.8818998336792,
    "process_features_model_4": 2.893183946609497,
    "predict_and_compile_model_4": 139.32206058502197,
    "relax_model_4": 158.8376588821411,
    "process_features_model_5": 2.9178738594055176,
    "predict_and_compile_model_5": 124.99271821975708,
    "relax_model_5": 150.12302494049072
}