{
    "plddts": {
        "model_1": 88.22682599325489,
        "model_2": 87.70478548781627,
        "model_3": 88.59271194607786,
        "model_4": 88.76113827986457,
        "model_5": 87.93819543114475
    },
    "order": [
        "model_4",
        "model_3",
        "model_1",
        "model_5",
        "model_2"
    ]
}