{
    "plddts": {
        "model_1": 79.98300576097063,
        "model_2": 84.03835660759727,
        "model_3": 82.76412749514094,
        "model_4": 83.0608276232762,
        "model_5": 83.04272768911935
    },
    "order": [
        "model_2",
        "model_4",
        "model_5",
        "model_3",
        "model_1"
    ]
}