{
    "features": 1051.2344195842743,
    "process_features_model_1": 3.17502498626709,
    "predict_and_compile_model_1": 39.4053795337677,
    "relax_model_1": 149.38613963127136,
    "process_features_model_2": 2.970327377319336,
    "predict_and_compile_model_2": 33.57246017456055,
    "relax_model_2": 149.26736736297607,
    "process_features_model_3": 2.555858612060547,
    "predict_and_compile_model_3": 36.61732459068298,
    "relax_model_3": 167.27099061012268,
    "process_features_model_4": 2.4527688026428223,
    "predict_and_compile_model_4": 36.648274421691895,
    "relax_model_4": 178.7319474220276,
    "process_features_model_5": 2.547171115875244,
    "predict_and_compile_model_5": 31.474077701568604,
    "relax_model_5": 141.66168451309204
}