{
    "features": 860.5109829902649,
    "process_features_model_1": 2.9089674949645996,
    "predict_and_compile_model_1": 77.27754664421082,
    "relax_model_1": 18.79690957069397,
    "process_features_model_2": 4.299387693405151,
    "predict_and_compile_model_2": 67.72110867500305,
    "relax_model_2": 25.674389123916626,
    "process_features_model_3": 2.471926212310791,
    "predict_and_compile_model_3": 74.60481762886047,
    "relax_model_3": 15.303785562515259,
    "process_features_model_4": 2.2422220706939697,
    "predict_and_compile_model_4": 74.60940265655518,
    "relax_model_4": 24.692747354507446,
    "process_features_model_5": 2.092385768890381,
    "predict_and_compile_model_5": 64.74630975723267,
    "relax_model_5": 24.911194562911987
}