{
    "plddts": {
        "model_1": 87.36124293063793,
        "model_2": 87.22797990199105,
        "model_3": 86.82820997417663,
        "model_4": 87.17066305706955,
        "model_5": 86.28710117865388
    },
    "order": [
        "model_1",
        "model_2",
        "model_4",
        "model_3",
        "model_5"
    ]
}