{
    "features": 996.4554011821747,
    "process_features_model_1": 3.896193027496338,
    "predict_and_compile_model_1": 195.92796850204468,
    "relax_model_1": 162.96891736984253,
    "process_features_model_2": 3.913207530975342,
    "predict_and_compile_model_2": 187.1211724281311,
    "relax_model_2": 114.90452146530151,
    "process_features_model_3": 2.891572952270508,
    "predict_and_compile_model_3": 141.4257287979126,
    "relax_model_3": 148.9229941368103,
    "process_features_model_4": 2.944725513458252,
    "predict_and_compile_model_4": 137.6900978088379,
    "relax_model_4": 449.4328055381775,
    "process_features_model_5": 2.8711001873016357,
    "predict_and_compile_model_5": 133.64367079734802,
    "relax_model_5": 135.09718537330627
}