{
    "features": 1014.3606324195862,
    "process_features_model_1": 3.8793301582336426,
    "predict_and_compile_model_1": 217.52878785133362,
    "relax_model_1": 137.82941484451294,
    "process_features_model_2": 3.921562433242798,
    "predict_and_compile_model_2": 191.42523646354675,
    "relax_model_2": 126.83052635192871,
    "process_features_model_3": 3.1261115074157715,
    "predict_and_compile_model_3": 131.1643590927124,
    "relax_model_3": 127.60038542747498,
    "process_features_model_4": 3.1485774517059326,
    "predict_and_compile_model_4": 128.83474898338318,
    "relax_model_4": 140.09173488616943,
    "process_features_model_5": 3.1069910526275635,
    "predict_and_compile_model_5": 124.6783299446106,
    "relax_model_5": 130.75265431404114
}