{
    "plddts": {
        "model_1": 86.82763296683774,
        "model_2": 86.36026896631918,
        "model_3": 87.97161625462661,
        "model_4": 86.72231045600113,
        "model_5": 85.18837836111464
    },
    "order": [
        "model_3",
        "model_1",
        "model_4",
        "model_2",
        "model_5"
    ]
}