{
    "features": 943.8477611541748,
    "process_features_model_1": 2.5885732173919678,
    "predict_and_compile_model_1": 188.4756519794464,
    "relax_model_1": 167.96531772613525,
    "process_features_model_2": 2.563292980194092,
    "predict_and_compile_model_2": 160.49411797523499,
    "relax_model_2": 146.61316585540771,
    "process_features_model_3": 2.0149998664855957,
    "predict_and_compile_model_3": 122.54222249984741,
    "relax_model_3": 170.61979579925537,
    "process_features_model_4": 2.056487560272217,
    "predict_and_compile_model_4": 115.92886352539062,
    "relax_model_4": 144.2011375427246,
    "process_features_model_5": 2.0197672843933105,
    "predict_and_compile_model_5": 136.3927924633026,
    "relax_model_5": 157.2170512676239
}