{
    "iptm+ptm": {
        "model_1_multimer": 0.27558627163380633,
        "model_2_multimer": 0.263994993549159,
        "model_3_multimer": 0.2911251648166868,
        "model_4_multimer": 0.23957196598730823,
        "model_5_multimer": 0.3160503732313112
    },
    "order": [
        "model_5_multimer",
        "model_3_multimer",
        "model_1_multimer",
        "model_2_multimer",
        "model_4_multimer"
    ]
}