{
    "plddts": {
        "model_1": 89.74338256739996,
        "model_2": 89.88109662029083,
        "model_3": 88.64274388216657,
        "model_4": 89.78517360978385,
        "model_5": 89.76445324225261
    },
    "order": [
        "model_2",
        "model_4",
        "model_5",
        "model_1",
        "model_3"
    ]
}