{
    "features": 874.3685767650604,
    "process_features_model_1": 3.2499969005584717,
    "predict_and_compile_model_1": 82.13519501686096,
    "relax_model_1": 17.951835870742798,
    "process_features_model_2": 13.534241676330566,
    "predict_and_compile_model_2": 71.7101480960846,
    "relax_model_2": 15.263363599777222,
    "process_features_model_3": 2.1111865043640137,
    "predict_and_compile_model_3": 78.96573901176453,
    "relax_model_3": 23.826324224472046,
    "process_features_model_4": 2.1133031845092773,
    "predict_and_compile_model_4": 79.0443263053894,
    "relax_model_4": 13.779908895492554,
    "process_features_model_5": 2.2592201232910156,
    "predict_and_compile_model_5": 68.49682879447937,
    "relax_model_5": 24.09849262237549
}