{
    "plddts": {
        "model_1": 90.08364105238489,
        "model_2": 90.28493083203887,
        "model_3": 90.32294665771826,
        "model_4": 90.58620451805817,
        "model_5": 88.88282652528586
    },
    "order": [
        "model_4",
        "model_3",
        "model_2",
        "model_1",
        "model_5"
    ]
}