{
    "features": 975.3596625328064,
    "process_features_model_1": 2.848588466644287,
    "predict_and_compile_model_1": 188.45845127105713,
    "relax_model_1": 153.6924979686737,
    "process_features_model_2": 2.7468953132629395,
    "predict_and_compile_model_2": 181.1626434326172,
    "relax_model_2": 152.38174891471863,
    "process_features_model_3": 2.1684811115264893,
    "predict_and_compile_model_3": 153.54888343811035,
    "relax_model_3": 140.13122844696045,
    "process_features_model_4": 2.1648054122924805,
    "predict_and_compile_model_4": 132.978009223938,
    "relax_model_4": 139.74277091026306,
    "process_features_model_5": 2.1966323852539062,
    "predict_and_compile_model_5": 129.74144053459167,
    "relax_model_5": 144.89310669898987
}