{
    "plddts": {
        "model_1": 91.986677715986,
        "model_2": 92.40911510304653,
        "model_3": 91.815001896832,
        "model_4": 92.87687663559998,
        "model_5": 91.71720547548327
    },
    "order": [
        "model_4",
        "model_2",
        "model_1",
        "model_3",
        "model_5"
    ]
}