{
    "plddts": {
        "model_1": 89.64903555028772,
        "model_2": 90.45501121964998,
        "model_3": 89.30305671406755,
        "model_4": 88.48065925388124,
        "model_5": 88.34555495401436
    },
    "order": [
        "model_2",
        "model_1",
        "model_3",
        "model_4",
        "model_5"
    ]
}