{
    "features": 910.3059730529785,
    "process_features_model_1": 3.257481575012207,
    "predict_and_compile_model_1": 98.06655621528625,
    "relax_model_1": 29.04295587539673,
    "process_features_model_2": 2.8993642330169678,
    "predict_and_compile_model_2": 86.04234838485718,
    "relax_model_2": 26.94008207321167,
    "process_features_model_3": 2.3336193561553955,
    "predict_and_compile_model_3": 94.11475563049316,
    "relax_model_3": 15.669938325881958,
    "process_features_model_4": 2.367417335510254,
    "predict_and_compile_model_4": 94.0827887058258,
    "relax_model_4": 25.663233757019043,
    "process_features_model_5": 2.398578405380249,
    "predict_and_compile_model_5": 82.01107406616211,
    "relax_model_5": 25.81384801864624
}