{
    "plddts": {
        "model_1": 66.53934957486466,
        "model_2": 67.27415159196948,
        "model_3": 72.4575900478785,
        "model_4": 69.27163446922593,
        "model_5": 72.35367623255304
    },
    "order": [
        "model_3",
        "model_5",
        "model_4",
        "model_2",
        "model_1"
    ]
}