{
    "features": 968.4543786048889,
    "process_features_model_1": 3.0554158687591553,
    "predict_and_compile_model_1": 84.50032234191895,
    "relax_model_1": 30.724610567092896,
    "process_features_model_2": 2.736353874206543,
    "predict_and_compile_model_2": 73.80334711074829,
    "relax_model_2": 17.102564096450806,
    "process_features_model_3": 1.9767489433288574,
    "predict_and_compile_model_3": 81.14105367660522,
    "relax_model_3": 26.88108205795288,
    "process_features_model_4": 2.0204615592956543,
    "predict_and_compile_model_4": 81.1471951007843,
    "relax_model_4": 26.70899772644043,
    "process_features_model_5": 2.1399283409118652,
    "predict_and_compile_model_5": 70.51270580291748,
    "relax_model_5": 16.326316833496094
}