{
    "plddts": {
        "model_1": 86.32772647500373,
        "model_2": 82.8980226504573,
        "model_3": 82.39354635890662,
        "model_4": 80.38937967540092,
        "model_5": 77.85029588130655
    },
    "order": [
        "model_1",
        "model_2",
        "model_3",
        "model_4",
        "model_5"
    ]
}