{
    "plddts": {
        "model_1": 75.15429090335007,
        "model_2": 76.45918897116508,
        "model_3": 76.2655600302534,
        "model_4": 85.22705782682752,
        "model_5": 82.4473056067191
    },
    "order": [
        "model_4",
        "model_5",
        "model_2",
        "model_3",
        "model_1"
    ]
}