{
    "plddts": {
        "model_1": 69.81732048574608,
        "model_2": 69.99601919528055,
        "model_3": 71.76391979402645,
        "model_4": 71.49943406363114,
        "model_5": 72.02014168037675
    },
    "order": [
        "model_5",
        "model_3",
        "model_4",
        "model_2",
        "model_1"
    ]
}