{
    "features": 1014.5689089298248,
    "process_features_model_1": 4.035163164138794,
    "predict_and_compile_model_1": 44.51632523536682,
    "relax_model_1": 176.28331065177917,
    "process_features_model_2": 3.963369607925415,
    "predict_and_compile_model_2": 38.64989423751831,
    "relax_model_2": 181.65356636047363,
    "process_features_model_3": 3.012632369995117,
    "predict_and_compile_model_3": 41.9940664768219,
    "relax_model_3": 159.1597044467926,
    "process_features_model_4": 3.090639114379883,
    "predict_and_compile_model_4": 41.53994679450989,
    "relax_model_4": 200.87522864341736,
    "process_features_model_5": 2.9233498573303223,
    "predict_and_compile_model_5": 36.15150046348572,
    "relax_model_5": 158.68280148506165
}