{
    "features": 1013.491548538208,
    "process_features_model_1": 3.9955971240997314,
    "predict_and_compile_model_1": 197.3224868774414,
    "relax_model_1": 127.29880714416504,
    "process_features_model_2": 3.822209596633911,
    "predict_and_compile_model_2": 187.17990350723267,
    "relax_model_2": 131.18199253082275,
    "process_features_model_3": 2.9421846866607666,
    "predict_and_compile_model_3": 141.0297772884369,
    "relax_model_3": 130.66724562644958,
    "process_features_model_4": 3.009580612182617,
    "predict_and_compile_model_4": 137.08246874809265,
    "relax_model_4": 123.59708404541016,
    "process_features_model_5": 2.884859561920166,
    "predict_and_compile_model_5": 133.31237149238586,
    "relax_model_5": 121.05147194862366
}