{
    "plddts": {
        "model_1": 89.16618201255214,
        "model_2": 88.42495008163259,
        "model_3": 87.58986742352394,
        "model_4": 86.5537045887498,
        "model_5": 87.4637241052534
    },
    "order": [
        "model_1",
        "model_2",
        "model_3",
        "model_5",
        "model_4"
    ]
}