{
    "plddts": {
        "model_1": 84.04983793801894,
        "model_2": 83.83322690048463,
        "model_3": 83.79321597138613,
        "model_4": 82.09388768435646,
        "model_5": 84.11365139479634
    },
    "order": [
        "model_5",
        "model_1",
        "model_2",
        "model_3",
        "model_4"
    ]
}