{
    "features": 967.7069725990295,
    "process_features_model_1": 3.7238590717315674,
    "predict_and_compile_model_1": 202.91809225082397,
    "relax_model_1": 465.7034809589386,
    "process_features_model_2": 3.7474100589752197,
    "predict_and_compile_model_2": 189.24491715431213,
    "relax_model_2": 141.6450469493866,
    "process_features_model_3": 2.768845319747925,
    "predict_and_compile_model_3": 131.01036167144775,
    "relax_model_3": 124.46947145462036,
    "process_features_model_4": 2.7082297801971436,
    "predict_and_compile_model_4": 128.31387519836426,
    "relax_model_4": 142.8862533569336,
    "process_features_model_5": 2.822774887084961,
    "predict_and_compile_model_5": 124.5302221775055,
    "relax_model_5": 148.92467737197876
}