{
    "plddts": {
        "model_1": 91.5394651637289,
        "model_2": 90.95069401267182,
        "model_3": 91.70215114178049,
        "model_4": 90.69339083322023,
        "model_5": 90.27555635940372
    },
    "order": [
        "model_3",
        "model_1",
        "model_2",
        "model_4",
        "model_5"
    ]
}