{
    "features": 928.5765538215637,
    "process_features_model_1": 3.571600914001465,
    "predict_and_compile_model_1": 79.8020589351654,
    "relax_model_1": 29.55604338645935,
    "process_features_model_2": 3.3273673057556152,
    "predict_and_compile_model_2": 69.75265073776245,
    "relax_model_2": 16.450111389160156,
    "process_features_model_3": 2.6213979721069336,
    "predict_and_compile_model_3": 76.84254789352417,
    "relax_model_3": 24.198129892349243,
    "process_features_model_4": 2.256373643875122,
    "predict_and_compile_model_4": 76.89204716682434,
    "relax_model_4": 15.174722909927368,
    "process_features_model_5": 2.445117950439453,
    "predict_and_compile_model_5": 66.73561239242554,
    "relax_model_5": 24.96960973739624
}