{
    "plddts": {
        "model_1": 75.19684989173153,
        "model_2": 75.91175063198567,
        "model_3": 76.76089367179387,
        "model_4": 76.81713232209987,
        "model_5": 81.31473747390334
    },
    "order": [
        "model_5",
        "model_4",
        "model_3",
        "model_2",
        "model_1"
    ]
}