{
    "features": 1014.4664125442505,
    "process_features_model_1": 3.534233808517456,
    "predict_and_compile_model_1": 37.551231384277344,
    "relax_model_1": 147.50186276435852,
    "process_features_model_2": 3.371695041656494,
    "predict_and_compile_model_2": 31.915705680847168,
    "relax_model_2": 146.756281375885,
    "process_features_model_3": 2.7755308151245117,
    "predict_and_compile_model_3": 35.468878984451294,
    "relax_model_3": 154.05142045021057,
    "process_features_model_4": 2.631584644317627,
    "predict_and_compile_model_4": 35.120957136154175,
    "relax_model_4": 141.52812838554382,
    "process_features_model_5": 2.8048272132873535,
    "predict_and_compile_model_5": 30.273627996444702,
    "relax_model_5": 162.66323351860046
}