{
    "plddts": {
        "model_1": 83.03358614344941,
        "model_2": 85.3548088289698,
        "model_3": 83.49433536200682,
        "model_4": 82.7954895704807,
        "model_5": 82.03435804626479
    },
    "order": [
        "model_2",
        "model_3",
        "model_1",
        "model_4",
        "model_5"
    ]
}