{
    "plddts": {
        "model_1": 83.62871139624008,
        "model_2": 84.47807187880183,
        "model_3": 83.23382875607682,
        "model_4": 84.37271504217019,
        "model_5": 83.1109980238823
    },
    "order": [
        "model_2",
        "model_4",
        "model_1",
        "model_3",
        "model_5"
    ]
}