{
    "features": 833.1904537677765,
    "process_features_model_1": 3.065633535385132,
    "predict_and_compile_model_1": 81.74470329284668,
    "relax_model_1": 26.596018075942993,
    "process_features_model_2": 3.071077585220337,
    "predict_and_compile_model_2": 71.4977924823761,
    "relax_model_2": 23.689457416534424,
    "process_features_model_3": 2.0711522102355957,
    "predict_and_compile_model_3": 78.72433710098267,
    "relax_model_3": 14.20407509803772,
    "process_features_model_4": 2.219435214996338,
    "predict_and_compile_model_4": 78.73432898521423,
    "relax_model_4": 22.30500817298889,
    "process_features_model_5": 2.3051559925079346,
    "predict_and_compile_model_5": 68.43285870552063,
    "relax_model_5": 14.51991891860962
}