{
    "plddts": {
        "model_1": 86.76136222816837,
        "model_2": 87.72249090908899,
        "model_3": 85.22318423797336,
        "model_4": 86.05011395663195,
        "model_5": 85.35640950022693
    },
    "order": [
        "model_2",
        "model_1",
        "model_4",
        "model_5",
        "model_3"
    ]
}