{
    "plddts": {
        "model_1": 88.72182559252782,
        "model_2": 88.07311866733876,
        "model_3": 87.19338136919669,
        "model_4": 87.12108606740802,
        "model_5": 85.95802467037407
    },
    "order": [
        "model_1",
        "model_2",
        "model_3",
        "model_4",
        "model_5"
    ]
}