{
    "features": 971.9653854370117,
    "process_features_model_1": 3.4366352558135986,
    "predict_and_compile_model_1": 207.84953618049622,
    "relax_model_1": 163.07146382331848,
    "process_features_model_2": 3.5129611492156982,
    "predict_and_compile_model_2": 190.66433668136597,
    "relax_model_2": 147.35705542564392,
    "process_features_model_3": 2.802182912826538,
    "predict_and_compile_model_3": 139.08053493499756,
    "relax_model_3": 139.71227598190308,
    "process_features_model_4": 2.7358357906341553,
    "predict_and_compile_model_4": 136.53510999679565,
    "relax_model_4": 159.0329532623291,
    "process_features_model_5": 2.838033676147461,
    "predict_and_compile_model_5": 125.83423495292664,
    "relax_model_5": 163.3514211177826
}