{
    "plddts": {
        "model_1": 43.58860838416096,
        "model_2": 36.90993076964004,
        "model_3": 35.967119959616646,
        "model_4": 36.36673465185282,
        "model_5": 40.910798116345795
    },
    "order": [
        "model_1",
        "model_5",
        "model_2",
        "model_4",
        "model_3"
    ]
}