{
    "features": 859.275897026062,
    "process_features_model_1": 2.867363214492798,
    "predict_and_compile_model_1": 294.4347629547119,
    "relax_model_1": 31.869630336761475,
    "process_features_model_2": 2.6419551372528076,
    "predict_and_compile_model_2": 315.25816774368286,
    "relax_model_2": 23.6307590007782,
    "process_features_model_3": 1.986107349395752,
    "predict_and_compile_model_3": 280.5430283546448,
    "relax_model_3": 26.95012378692627,
    "process_features_model_4": 8.733816385269165,
    "predict_and_compile_model_4": 159.2246036529541,
    "relax_model_4": 21.686503171920776,
    "process_features_model_5": 1.9233713150024414,
    "predict_and_compile_model_5": 222.21395301818848,
    "relax_model_5": 28.356516122817993
}