{
    "plddts": {
        "model_1": 70.75116170075096,
        "model_2": 82.29449549954285,
        "model_3": 81.89012831197135,
        "model_4": 81.17313874928462,
        "model_5": 76.23770251522535
    },
    "order": [
        "model_2",
        "model_3",
        "model_4",
        "model_5",
        "model_1"
    ]
}