{
    "plddts": {
        "model_1": 85.02108342673189,
        "model_2": 84.19326833623558,
        "model_3": 83.2397853893859,
        "model_4": 82.2952508181041,
        "model_5": 81.7530529473221
    },
    "order": [
        "model_1",
        "model_2",
        "model_3",
        "model_4",
        "model_5"
    ]
}