{
    "plddts": {
        "model_1": 65.54826861075306,
        "model_2": 64.32462909091834,
        "model_3": 66.49843563662347,
        "model_4": 65.72102061137437,
        "model_5": 56.08753107260702
    },
    "order": [
        "model_3",
        "model_4",
        "model_1",
        "model_2",
        "model_5"
    ]
}