{
    "plddts": {
        "model_1": 42.39381223684821,
        "model_2": 73.62046314988292,
        "model_3": 76.1224265324903,
        "model_4": 74.14402888759828,
        "model_5": 69.47395743689826
    },
    "order": [
        "model_3",
        "model_4",
        "model_2",
        "model_5",
        "model_1"
    ]
}