{
    "features": 969.1496443748474,
    "process_features_model_1": 3.240774631500244,
    "predict_and_compile_model_1": 184.88344073295593,
    "relax_model_1": 24.848342657089233,
    "process_features_model_2": 2.8846118450164795,
    "predict_and_compile_model_2": 170.36539721488953,
    "relax_model_2": 23.3310124874115,
    "process_features_model_3": 2.2922277450561523,
    "predict_and_compile_model_3": 146.58821272850037,
    "relax_model_3": 22.790313720703125,
    "process_features_model_4": 2.110656499862671,
    "predict_and_compile_model_4": 142.25219678878784,
    "relax_model_4": 23.49214267730713,
    "process_features_model_5": 2.215926170349121,
    "predict_and_compile_model_5": 141.96412134170532,
    "relax_model_5": 14.660740852355957
}