{
    "plddts": {
        "model_1": 93.03636417858986,
        "model_2": 92.89998922612708,
        "model_3": 94.11923906294552,
        "model_4": 93.80625211630921,
        "model_5": 93.52242936314404
    },
    "order": [
        "model_3",
        "model_4",
        "model_5",
        "model_1",
        "model_2"
    ]
}