{
    "features": 1006.9978833198547,
    "process_features_model_1": 4.056331634521484,
    "predict_and_compile_model_1": 35.259878635406494,
    "relax_model_1": 145.96735334396362,
    "process_features_model_2": 4.163508653640747,
    "predict_and_compile_model_2": 30.572046041488647,
    "relax_model_2": 147.10101795196533,
    "process_features_model_3": 3.1071975231170654,
    "predict_and_compile_model_3": 33.64107847213745,
    "relax_model_3": 133.72508001327515,
    "process_features_model_4": 3.1184794902801514,
    "predict_and_compile_model_4": 33.545159101486206,
    "relax_model_4": 172.2150595188141,
    "process_features_model_5": 3.0886354446411133,
    "predict_and_compile_model_5": 28.582053661346436,
    "relax_model_5": 147.026376247406
}