{
    "plddts": {
        "model_1": 68.37737472098807,
        "model_2": 69.77287788364923,
        "model_3": 63.80682847438096,
        "model_4": 65.84926629157636,
        "model_5": 64.64076302126108
    },
    "order": [
        "model_2",
        "model_1",
        "model_4",
        "model_5",
        "model_3"
    ]
}