{
    "plddts": {
        "model_1": 88.10041563352026,
        "model_2": 88.38106404336125,
        "model_3": 87.42583635373497,
        "model_4": 87.91894630974028,
        "model_5": 85.8831937830533
    },
    "order": [
        "model_2",
        "model_1",
        "model_4",
        "model_3",
        "model_5"
    ]
}