{
    "plddts": {
        "model_1": 79.40776297022212,
        "model_2": 81.94473568941831,
        "model_3": 81.70936200086865,
        "model_4": 75.1475149958205,
        "model_5": 79.38837982621678
    },
    "order": [
        "model_2",
        "model_3",
        "model_1",
        "model_5",
        "model_4"
    ]
}