{
    "plddts": {
        "model_1": 90.86946773285601,
        "model_2": 90.94510148081154,
        "model_3": 90.58888720475302,
        "model_4": 90.3551714459972,
        "model_5": 89.7971133977213
    },
    "order": [
        "model_2",
        "model_1",
        "model_3",
        "model_4",
        "model_5"
    ]
}