{
    "plddts": {
        "model_1": 87.1779132042965,
        "model_2": 87.55134926511798,
        "model_3": 86.13486969169116,
        "model_4": 86.52884263840956,
        "model_5": 85.7357992129481
    },
    "order": [
        "model_2",
        "model_1",
        "model_4",
        "model_3",
        "model_5"
    ]
}