{
    "iptm+ptm": {
        "model_1_multimer": 0.3881086581843042,
        "model_2_multimer": 0.3753421091804594,
        "model_3_multimer": 0.5101989770155446,
        "model_4_multimer": 0.2855447774714764,
        "model_5_multimer": 0.3735246350007874
    },
    "order": [
        "model_3_multimer",
        "model_1_multimer",
        "model_2_multimer",
        "model_5_multimer",
        "model_4_multimer"
    ]
}