{
    "plddts": {
        "model_1": 88.01696350733866,
        "model_2": 88.05901988379448,
        "model_3": 90.81020225467458,
        "model_4": 90.5759186853959,
        "model_5": 87.95142189635058
    },
    "order": [
        "model_3",
        "model_4",
        "model_2",
        "model_1",
        "model_5"
    ]
}