{
    "plddts": {
        "model_1": 89.52228755560746,
        "model_2": 86.67599376183762,
        "model_3": 89.87361089404116,
        "model_4": 88.58251151441051,
        "model_5": 89.70421375215508
    },
    "order": [
        "model_3",
        "model_5",
        "model_1",
        "model_4",
        "model_2"
    ]
}