{
    "plddts": {
        "model_1": 58.653102442534504,
        "model_2": 57.034068716517076,
        "model_3": 63.10075098751562,
        "model_4": 62.65299876898762,
        "model_5": 58.67817053013621
    },
    "order": [
        "model_3",
        "model_4",
        "model_5",
        "model_1",
        "model_2"
    ]
}