{
    "features": 950.5056955814362,
    "process_features_model_1": 3.428877115249634,
    "predict_and_compile_model_1": 43.71764039993286,
    "relax_model_1": 195.3953902721405,
    "process_features_model_2": 3.4621620178222656,
    "predict_and_compile_model_2": 38.02688479423523,
    "relax_model_2": 166.5977063179016,
    "process_features_model_3": 2.665351390838623,
    "predict_and_compile_model_3": 41.808003664016724,
    "relax_model_3": 180.15237474441528,
    "process_features_model_4": 2.7362682819366455,
    "predict_and_compile_model_4": 41.70905065536499,
    "relax_model_4": 323.6383903026581,
    "process_features_model_5": 2.4944398403167725,
    "predict_and_compile_model_5": 35.57112979888916,
    "relax_model_5": 150.47963857650757
}