{
    "plddts": {
        "model_1": 65.71748056684416,
        "model_2": 68.03526294091012,
        "model_3": 71.53323913247262,
        "model_4": 63.5080670480741,
        "model_5": 66.40614376950788
    },
    "order": [
        "model_3",
        "model_2",
        "model_5",
        "model_1",
        "model_4"
    ]
}