{
    "features": 1015.2976078987122,
    "process_features_model_1": 3.974515438079834,
    "predict_and_compile_model_1": 215.02488708496094,
    "relax_model_1": 267.59931349754333,
    "process_features_model_2": 3.884195566177368,
    "predict_and_compile_model_2": 202.14013409614563,
    "relax_model_2": 212.84264993667603,
    "process_features_model_3": 3.0604987144470215,
    "predict_and_compile_model_3": 146.8826425075531,
    "relax_model_3": 260.8088719844818,
    "process_features_model_4": 3.092155933380127,
    "predict_and_compile_model_4": 155.6118242740631,
    "relax_model_4": 212.6877372264862,
    "process_features_model_5": 2.872880458831787,
    "predict_and_compile_model_5": 147.61953234672546,
    "relax_model_5": 236.03463625907898
}