{
    "plddts": {
        "model_1": 85.21892687619456,
        "model_2": 85.72307937349818,
        "model_3": 84.33134543611463,
        "model_4": 83.95687480255933,
        "model_5": 84.2011141222718
    },
    "order": [
        "model_2",
        "model_1",
        "model_3",
        "model_5",
        "model_4"
    ]
}