{
    "plddts": {
        "model_1": 87.1638925748088,
        "model_2": 87.49722046356374,
        "model_3": 89.26098106094045,
        "model_4": 86.61630072821086,
        "model_5": 87.43428382646884
    },
    "order": [
        "model_3",
        "model_2",
        "model_5",
        "model_1",
        "model_4"
    ]
}