{
    "plddts": {
        "model_1": 87.78879866879467,
        "model_2": 87.73977364521943,
        "model_3": 87.72501784916005,
        "model_4": 87.94579149846545,
        "model_5": 86.13241587990635
    },
    "order": [
        "model_4",
        "model_1",
        "model_2",
        "model_3",
        "model_5"
    ]
}