{
    "features": 934.5693533420563,
    "process_features_model_1": 3.264087677001953,
    "predict_and_compile_model_1": 264.6444706916809,
    "relax_model_1": 32.8983097076416,
    "process_features_model_2": 1.6400806903839111,
    "predict_and_compile_model_2": 260.36727690696716,
    "relax_model_2": 24.158048391342163,
    "process_features_model_3": 1.428663969039917,
    "predict_and_compile_model_3": 145.04013204574585,
    "relax_model_3": 25.947879791259766,
    "process_features_model_4": 1.518662452697754,
    "predict_and_compile_model_4": 154.41756582260132,
    "relax_model_4": 21.954050064086914,
    "process_features_model_5": 1.6388359069824219,
    "predict_and_compile_model_5": 137.80466485023499,
    "relax_model_5": 21.065427780151367
}