{
    "plddts": {
        "model_1": 81.67530690221747,
        "model_2": 81.21769392562143,
        "model_3": 80.89339517351058,
        "model_4": 82.95849163709363,
        "model_5": 80.67396815553033
    },
    "order": [
        "model_4",
        "model_1",
        "model_2",
        "model_3",
        "model_5"
    ]
}