{
    "features": 990.3104763031006,
    "process_features_model_1": 3.8288052082061768,
    "predict_and_compile_model_1": 215.074373960495,
    "relax_model_1": 169.5237636566162,
    "process_features_model_2": 3.757852077484131,
    "predict_and_compile_model_2": 192.57688236236572,
    "relax_model_2": 157.77085494995117,
    "process_features_model_3": 2.9294350147247314,
    "predict_and_compile_model_3": 147.67823576927185,
    "relax_model_3": 146.0631296634674,
    "process_features_model_4": 2.8280351161956787,
    "predict_and_compile_model_4": 142.66913104057312,
    "relax_model_4": 138.77431535720825,
    "process_features_model_5": 2.8041303157806396,
    "predict_and_compile_model_5": 137.78579306602478,
    "relax_model_5": 184.14292001724243
}