{
    "plddts": {
        "model_1": 90.02535153824326,
        "model_2": 90.5615581554247,
        "model_3": 91.22761586027649,
        "model_4": 91.26176391418215,
        "model_5": 91.41271047442316
    },
    "order": [
        "model_5",
        "model_4",
        "model_3",
        "model_2",
        "model_1"
    ]
}