{
    "features": 1008.2366354465485,
    "process_features_model_1": 4.038731336593628,
    "predict_and_compile_model_1": 214.2020971775055,
    "relax_model_1": 157.32778930664062,
    "process_features_model_2": 3.9920928478240967,
    "predict_and_compile_model_2": 197.17196369171143,
    "relax_model_2": 136.6704819202423,
    "process_features_model_3": 3.051187753677368,
    "predict_and_compile_model_3": 142.1761589050293,
    "relax_model_3": 152.48001551628113,
    "process_features_model_4": 3.0435140132904053,
    "predict_and_compile_model_4": 129.91796779632568,
    "relax_model_4": 151.78628993034363,
    "process_features_model_5": 3.0774574279785156,
    "predict_and_compile_model_5": 126.68923592567444,
    "relax_model_5": 160.16162157058716
}