{
    "iptm+ptm": {
        "model_1_multimer": 0.5140699742901277,
        "model_2_multimer": 0.43457149803748596,
        "model_3_multimer": 0.572993426524722,
        "model_4_multimer": 0.3236044010363406,
        "model_5_multimer": 0.43004074702797324
    },
    "order": [
        "model_3_multimer",
        "model_1_multimer",
        "model_2_multimer",
        "model_5_multimer",
        "model_4_multimer"
    ]
}