{
    "features": 1076.736308813095,
    "process_features_model_1_multimer": 3.5762786865234375e-05,
    "predict_and_compile_model_1_multimer": 3092.506616830826,
    "relax_model_1_multimer": 1117.1832683086395,
    "process_features_model_2_multimer": 6.4373016357421875e-06,
    "predict_and_compile_model_2_multimer": 3908.7333548069,
    "relax_model_2_multimer": 2431.9345819950104,
    "process_features_model_3_multimer": 6.198883056640625e-06,
    "predict_and_compile_model_3_multimer": 3698.4830508232117,
    "relax_model_3_multimer": 1451.0671586990356,
    "process_features_model_4_multimer": 1.8596649169921875e-05,
    "predict_and_compile_model_4_multimer": 4055.798743247986,
    "relax_model_4_multimer": 8088.941497325897,
    "process_features_model_5_multimer": 1.9311904907226562e-05,
    "predict_and_compile_model_5_multimer": 1928.3562078475952,
    "relax_model_5_multimer": 7117.0088930130005
}