{
    "plddts": {
        "model_1": 83.50867535688552,
        "model_2": 84.32102714694233,
        "model_3": 84.6259730650048,
        "model_4": 83.54169168337764,
        "model_5": 81.8290573328513
    },
    "order": [
        "model_3",
        "model_2",
        "model_4",
        "model_1",
        "model_5"
    ]
}