{
    "features": 995.7707903385162,
    "process_features_model_1": 3.908421516418457,
    "predict_and_compile_model_1": 202.80659103393555,
    "relax_model_1": 168.3487856388092,
    "process_features_model_2": 3.934194326400757,
    "predict_and_compile_model_2": 199.26292753219604,
    "relax_model_2": 154.50373339653015,
    "process_features_model_3": 3.125808000564575,
    "predict_and_compile_model_3": 143.76575756072998,
    "relax_model_3": 146.2235724925995,
    "process_features_model_4": 3.0368411540985107,
    "predict_and_compile_model_4": 139.1462459564209,
    "relax_model_4": 134.50050520896912,
    "process_features_model_5": 3.0427494049072266,
    "predict_and_compile_model_5": 126.36007738113403,
    "relax_model_5": 138.75522994995117
}