{
    "features": 879.5029036998749,
    "process_features_model_1": 2.992553234100342,
    "predict_and_compile_model_1": 167.95626997947693,
    "relax_model_1": 31.783142566680908,
    "process_features_model_2": 2.9301583766937256,
    "predict_and_compile_model_2": 152.98650407791138,
    "relax_model_2": 21.487380504608154,
    "process_features_model_3": 2.1427853107452393,
    "predict_and_compile_model_3": 125.22694540023804,
    "relax_model_3": 22.50865125656128,
    "process_features_model_4": 2.1343698501586914,
    "predict_and_compile_model_4": 123.85469055175781,
    "relax_model_4": 22.31733465194702,
    "process_features_model_5": 2.1383790969848633,
    "predict_and_compile_model_5": 115.14912748336792,
    "relax_model_5": 21.35993981361389
}