{
    "plddts": {
        "model_1": 90.437603376756,
        "model_2": 89.8475422833219,
        "model_3": 89.59963263307198,
        "model_4": 89.20631288945725,
        "model_5": 89.42122423499276
    },
    "order": [
        "model_1",
        "model_2",
        "model_3",
        "model_5",
        "model_4"
    ]
}