{
    "plddts": {
        "model_1": 77.61730734501901,
        "model_2": 64.87342620472667,
        "model_3": 60.6548689069891,
        "model_4": 70.96043007025779,
        "model_5": 65.28346563957304
    },
    "order": [
        "model_1",
        "model_4",
        "model_5",
        "model_2",
        "model_3"
    ]
}