{
    "iptm+ptm": {
        "model_1_multimer": 0.17881926820576957,
        "model_2_multimer": 0.1785546899339928,
        "model_3_multimer": 0.1782528307388243,
        "model_4_multimer": 0.17984746135398966,
        "model_5_multimer": 0.17887337832942488
    },
    "order": [
        "model_4_multimer",
        "model_5_multimer",
        "model_1_multimer",
        "model_2_multimer",
        "model_3_multimer"
    ]
}