{
    "features": 852.7048332691193,
    "process_features_model_1_multimer": 9.5367431640625e-06,
    "predict_and_compile_model_1_multimer": 116.0826427936554,
    "relax_model_1_multimer": 24.456874132156372,
    "process_features_model_2_multimer": 6.9141387939453125e-06,
    "predict_and_compile_model_2_multimer": 132.18797731399536,
    "relax_model_2_multimer": 14.126429796218872,
    "process_features_model_3_multimer": 1.430511474609375e-05,
    "predict_and_compile_model_3_multimer": 122.44664883613586,
    "relax_model_3_multimer": 16.36841917037964,
    "process_features_model_4_multimer": 1.430511474609375e-05,
    "predict_and_compile_model_4_multimer": 110.15358805656433,
    "relax_model_4_multimer": 15.129535675048828,
    "process_features_model_5_multimer": 1.4543533325195312e-05,
    "predict_and_compile_model_5_multimer": 111.69082832336426,
    "relax_model_5_multimer": 16.116222143173218
}