{
    "plddts": {
        "model_1": 89.09263431792493,
        "model_2": 88.35757947503191,
        "model_3": 88.71505514622561,
        "model_4": 87.91170644475208,
        "model_5": 87.93468679487849
    },
    "order": [
        "model_1",
        "model_3",
        "model_2",
        "model_5",
        "model_4"
    ]
}