{
    "features": 982.6373479366302,
    "process_features_model_1": 3.4886085987091064,
    "predict_and_compile_model_1": 185.68300414085388,
    "relax_model_1": 142.00580477714539,
    "process_features_model_2": 3.5529134273529053,
    "predict_and_compile_model_2": 171.46561527252197,
    "relax_model_2": 139.41475319862366,
    "process_features_model_3": 2.66186785697937,
    "predict_and_compile_model_3": 132.34879994392395,
    "relax_model_3": 133.08126759529114,
    "process_features_model_4": 2.6264429092407227,
    "predict_and_compile_model_4": 127.48937368392944,
    "relax_model_4": 151.38297939300537,
    "process_features_model_5": 2.576455593109131,
    "predict_and_compile_model_5": 123.13171005249023,
    "relax_model_5": 124.79358696937561
}