{
    "plddts": {
        "model_1": 69.96890065128648,
        "model_2": 63.62460114915799,
        "model_3": 76.33865071353883,
        "model_4": 73.74480543717294,
        "model_5": 76.39339067520267
    },
    "order": [
        "model_5",
        "model_3",
        "model_4",
        "model_1",
        "model_2"
    ]
}