{
    "features": 1004.8756322860718,
    "process_features_model_1": 3.5822792053222656,
    "predict_and_compile_model_1": 212.11685013771057,
    "relax_model_1": 221.56241416931152,
    "process_features_model_2": 3.7250752449035645,
    "predict_and_compile_model_2": 197.76195549964905,
    "relax_model_2": 190.68957352638245,
    "process_features_model_3": 2.8140459060668945,
    "predict_and_compile_model_3": 137.58528590202332,
    "relax_model_3": 208.78944158554077,
    "process_features_model_4": 2.7846806049346924,
    "predict_and_compile_model_4": 143.4553599357605,
    "relax_model_4": 176.09650802612305,
    "process_features_model_5": 2.758223533630371,
    "predict_and_compile_model_5": 139.84022665023804,
    "relax_model_5": 159.20120215415955
}