{
    "plddts": {
        "model_1": 82.10618457558353,
        "model_2": 83.89946059986822,
        "model_3": 85.13297358386166,
        "model_4": 81.32964860183675,
        "model_5": 81.50470250477478
    },
    "order": [
        "model_3",
        "model_2",
        "model_1",
        "model_5",
        "model_4"
    ]
}