{
    "features": 857.8549666404724,
    "process_features_model_1": 2.3264434337615967,
    "predict_and_compile_model_1": 176.9910228252411,
    "relax_model_1": 29.03344488143921,
    "process_features_model_2": 2.2602345943450928,
    "predict_and_compile_model_2": 162.31327891349792,
    "relax_model_2": 18.633331298828125,
    "process_features_model_3": 1.759493112564087,
    "predict_and_compile_model_3": 131.84743857383728,
    "relax_model_3": 20.000061750411987,
    "process_features_model_4": 1.838242530822754,
    "predict_and_compile_model_4": 132.32226276397705,
    "relax_model_4": 20.172590970993042,
    "process_features_model_5": 1.8055024147033691,
    "predict_and_compile_model_5": 123.19378471374512,
    "relax_model_5": 19.095925092697144
}