{
    "features": 823.3894302845001,
    "process_features_model_1_multimer": 3.814697265625e-05,
    "predict_and_compile_model_1_multimer": 166.13846445083618,
    "relax_model_1_multimer": 34.061588287353516,
    "process_features_model_2_multimer": 1.7404556274414062e-05,
    "predict_and_compile_model_2_multimer": 255.47934293746948,
    "relax_model_2_multimer": 66.1236355304718,
    "process_features_model_3_multimer": 1.71661376953125e-05,
    "predict_and_compile_model_3_multimer": 170.99481296539307,
    "relax_model_3_multimer": 45.130337715148926,
    "process_features_model_4_multimer": 1.811981201171875e-05,
    "predict_and_compile_model_4_multimer": 279.3256595134735,
    "relax_model_4_multimer": 51.88625931739807,
    "process_features_model_5_multimer": 5.7220458984375e-06,
    "predict_and_compile_model_5_multimer": 161.9640622138977,
    "relax_model_5_multimer": 59.15214991569519
}