{
    "features": 1006.7344048023224,
    "process_features_model_1": 3.8952527046203613,
    "predict_and_compile_model_1": 193.24905800819397,
    "relax_model_1": 151.85647535324097,
    "process_features_model_2": 4.105947256088257,
    "predict_and_compile_model_2": 183.71469712257385,
    "relax_model_2": 132.69142532348633,
    "process_features_model_3": 2.930316209793091,
    "predict_and_compile_model_3": 141.63389492034912,
    "relax_model_3": 121.53557276725769,
    "process_features_model_4": 2.9488883018493652,
    "predict_and_compile_model_4": 136.67953753471375,
    "relax_model_4": 126.43156838417053,
    "process_features_model_5": 2.9356093406677246,
    "predict_and_compile_model_5": 131.96247220039368,
    "relax_model_5": 116.91449737548828
}