{
    "plddts": {
        "model_1": 89.96681493180925,
        "model_2": 90.37560217295619,
        "model_3": 90.44547843360002,
        "model_4": 90.76917427607201,
        "model_5": 90.85466485751093
    },
    "order": [
        "model_5",
        "model_4",
        "model_3",
        "model_2",
        "model_1"
    ]
}