{
    "plddts": {
        "model_1": 85.9586324109653,
        "model_2": 86.19716528660517,
        "model_3": 86.05253530229116,
        "model_4": 85.55110204213258,
        "model_5": 85.27887453928584
    },
    "order": [
        "model_2",
        "model_3",
        "model_1",
        "model_4",
        "model_5"
    ]
}