{
    "plddts": {
        "model_1": 85.4545818384942,
        "model_2": 80.13209193578552,
        "model_3": 84.80191681677402,
        "model_4": 82.4850757447074,
        "model_5": 84.96150022690495
    },
    "order": [
        "model_1",
        "model_5",
        "model_3",
        "model_4",
        "model_2"
    ]
}