{
    "features": 1023.2990956306458,
    "process_features_model_1": 3.195086717605591,
    "predict_and_compile_model_1": 190.44435620307922,
    "relax_model_1": 159.62725496292114,
    "process_features_model_2": 3.253117561340332,
    "predict_and_compile_model_2": 175.78841423988342,
    "relax_model_2": 137.5755009651184,
    "process_features_model_3": 2.5559771060943604,
    "predict_and_compile_model_3": 134.81854629516602,
    "relax_model_3": 137.3771858215332,
    "process_features_model_4": 2.6984972953796387,
    "predict_and_compile_model_4": 132.2376925945282,
    "relax_model_4": 138.03482389450073,
    "process_features_model_5": 2.6675403118133545,
    "predict_and_compile_model_5": 128.63067650794983,
    "relax_model_5": 152.97692799568176
}