{
    "features": 947.8999533653259,
    "process_features_model_1": 3.0994229316711426,
    "predict_and_compile_model_1": 188.8167085647583,
    "relax_model_1": 162.33274936676025,
    "process_features_model_2": 2.9811549186706543,
    "predict_and_compile_model_2": 178.64299035072327,
    "relax_model_2": 140.4371280670166,
    "process_features_model_3": 2.3232762813568115,
    "predict_and_compile_model_3": 125.27183556556702,
    "relax_model_3": 119.96803188323975,
    "process_features_model_4": 2.3466029167175293,
    "predict_and_compile_model_4": 122.2474091053009,
    "relax_model_4": 134.5988576412201,
    "process_features_model_5": 2.346818447113037,
    "predict_and_compile_model_5": 125.55273532867432,
    "relax_model_5": 132.9152102470398
}