{
    "features": 975.3680548667908,
    "process_features_model_1": 3.7175843715667725,
    "predict_and_compile_model_1": 204.67942714691162,
    "relax_model_1": 187.92652440071106,
    "process_features_model_2": 3.639343500137329,
    "predict_and_compile_model_2": 197.8383207321167,
    "relax_model_2": 206.22045588493347,
    "process_features_model_3": 2.8968541622161865,
    "predict_and_compile_model_3": 141.074725151062,
    "relax_model_3": 187.31121373176575,
    "process_features_model_4": 2.866687059402466,
    "predict_and_compile_model_4": 138.01840448379517,
    "relax_model_4": 170.17537450790405,
    "process_features_model_5": 2.8492281436920166,
    "predict_and_compile_model_5": 134.35197925567627,
    "relax_model_5": 241.05081343650818
}