{
    "plddts": {
        "model_1": 74.42928657968174,
        "model_2": 73.9969870954776,
        "model_3": 76.52031096609643,
        "model_4": 73.05978515042312,
        "model_5": 73.10110617840097
    },
    "order": [
        "model_3",
        "model_1",
        "model_2",
        "model_5",
        "model_4"
    ]
}