{
    "iptm+ptm": {
        "model_1_multimer": 0.26119964321759837,
        "model_2_multimer": 0.2728144253327377,
        "model_3_multimer": 0.26663710848159305,
        "model_4_multimer": 0.25779706882804887,
        "model_5_multimer": 0.24863949966922833
    },
    "order": [
        "model_2_multimer",
        "model_3_multimer",
        "model_1_multimer",
        "model_4_multimer",
        "model_5_multimer"
    ]
}