{
    "features": 886.3009896278381,
    "process_features_model_1_multimer": 7.3909759521484375e-06,
    "predict_and_compile_model_1_multimer": 9232.62298464775,
    "relax_model_1_multimer": 30779.172873735428,
    "process_features_model_2_multimer": 9.5367431640625e-06,
    "predict_and_compile_model_2_multimer": 9360.832175731659,
    "relax_model_2_multimer": 62002.99577784538,
    "process_features_model_3_multimer": 1.0967254638671875e-05,
    "predict_and_compile_model_3_multimer": 9196.581681966782,
    "relax_model_3_multimer": 32771.61997938156,
    "process_features_model_4_multimer": 2.9802322387695312e-05,
    "predict_and_compile_model_4_multimer": 13989.435298204422,
    "relax_model_4_multimer": 27654.334636211395,
    "process_features_model_5_multimer": 1.52587890625e-05,
    "predict_and_compile_model_5_multimer": 14242.868748426437,
    "relax_model_5_multimer": 93978.98174571991
}