{
    "features": 1006.4105041027069,
    "process_features_model_1": 3.484501838684082,
    "predict_and_compile_model_1": 35.71125388145447,
    "relax_model_1": 205.97596716880798,
    "process_features_model_2": 3.5991315841674805,
    "predict_and_compile_model_2": 30.86591410636902,
    "relax_model_2": 137.89660906791687,
    "process_features_model_3": 2.6547341346740723,
    "predict_and_compile_model_3": 33.9938759803772,
    "relax_model_3": 163.73915100097656,
    "process_features_model_4": 2.7424399852752686,
    "predict_and_compile_model_4": 33.99353313446045,
    "relax_model_4": 157.0799617767334,
    "process_features_model_5": 2.5628774166107178,
    "predict_and_compile_model_5": 29.055667638778687,
    "relax_model_5": 152.62031865119934
}