{
    "plddts": {
        "model_1": 78.51821590257461,
        "model_2": 83.59413395204828,
        "model_3": 79.81543719658713,
        "model_4": 79.10564078340639,
        "model_5": 76.22677067513392
    },
    "order": [
        "model_2",
        "model_3",
        "model_4",
        "model_1",
        "model_5"
    ]
}