{
    "features": 997.0200927257538,
    "process_features_model_1": 3.932725667953491,
    "predict_and_compile_model_1": 44.28741431236267,
    "relax_model_1": 209.836172580719,
    "process_features_model_2": 3.8277804851531982,
    "predict_and_compile_model_2": 37.67317199707031,
    "relax_model_2": 192.0849151611328,
    "process_features_model_3": 2.8878567218780518,
    "predict_and_compile_model_3": 41.6731390953064,
    "relax_model_3": 192.06961345672607,
    "process_features_model_4": 2.807705879211426,
    "predict_and_compile_model_4": 41.44513392448425,
    "relax_model_4": 197.07454347610474,
    "process_features_model_5": 2.8422913551330566,
    "predict_and_compile_model_5": 35.58007216453552,
    "relax_model_5": 186.8969385623932
}