{
    "plddts": {
        "model_1": 84.33260543010306,
        "model_2": 84.49099552170279,
        "model_3": 84.33582876399906,
        "model_4": 80.93655226171921,
        "model_5": 83.61432292197762
    },
    "order": [
        "model_2",
        "model_3",
        "model_1",
        "model_5",
        "model_4"
    ]
}