{
    "plddts": {
        "model_1": 89.75011801407153,
        "model_2": 89.6225191396742,
        "model_3": 91.41704097714538,
        "model_4": 90.16660210658053,
        "model_5": 89.9488304212354
    },
    "order": [
        "model_3",
        "model_4",
        "model_5",
        "model_1",
        "model_2"
    ]
}