{
    "features": 953.8344383239746,
    "process_features_model_1": 3.1253631114959717,
    "predict_and_compile_model_1": 165.87282276153564,
    "relax_model_1": 78.61395049095154,
    "process_features_model_2": 3.375129461288452,
    "predict_and_compile_model_2": 151.89149045944214,
    "relax_model_2": 47.566755056381226,
    "process_features_model_3": 2.6243491172790527,
    "predict_and_compile_model_3": 115.2284505367279,
    "relax_model_3": 53.32887125015259,
    "process_features_model_4": 2.469526767730713,
    "predict_and_compile_model_4": 102.71564412117004,
    "relax_model_4": 57.7665319442749,
    "process_features_model_5": 2.491100549697876,
    "predict_and_compile_model_5": 100.15806317329407,
    "relax_model_5": 64.95515537261963
}