{
    "features": 877.3215100765228,
    "process_features_model_1_multimer": 6.67572021484375e-06,
    "predict_and_compile_model_1_multimer": 1102.8566150665283,
    "relax_model_1_multimer": 276.01624727249146,
    "process_features_model_2_multimer": 1.33514404296875e-05,
    "predict_and_compile_model_2_multimer": 625.7312197685242,
    "relax_model_2_multimer": 279.0010414123535,
    "process_features_model_3_multimer": 2.1457672119140625e-05,
    "predict_and_compile_model_3_multimer": 746.8817160129547,
    "relax_model_3_multimer": 273.1770896911621,
    "process_features_model_4_multimer": 1.4543533325195312e-05,
    "predict_and_compile_model_4_multimer": 1171.8421380519867,
    "relax_model_4_multimer": 337.940824508667,
    "process_features_model_5_multimer": 1.5974044799804688e-05,
    "predict_and_compile_model_5_multimer": 1210.1800186634064,
    "relax_model_5_multimer": 115.97023868560791
}