{
    "features": 1663.1216192245483,
    "process_features_model_1_multimer": 4.553794860839844e-05,
    "predict_and_compile_model_1_multimer": 5055.624324321747,
    "relax_model_1_multimer": 18040.942453861237,
    "process_features_model_2_multimer": 2.574920654296875e-05,
    "predict_and_compile_model_2_multimer": 4982.900442123413,
    "relax_model_2_multimer": 13695.71401667595,
    "process_features_model_3_multimer": 2.193450927734375e-05,
    "predict_and_compile_model_3_multimer": 9156.278605222702,
    "relax_model_3_multimer": 7967.991838932037,
    "process_features_model_4_multimer": 1.811981201171875e-05,
    "predict_and_compile_model_4_multimer": 7949.675112485886,
    "relax_model_4_multimer": 48609.92332959175,
    "process_features_model_5_multimer": 5.793571472167969e-05,
    "predict_and_compile_model_5_multimer": 3347.5498900413513,
    "relax_model_5_multimer": 33219.73466038704
}