{
    "iptm+ptm": {
        "model_1_multimer": 0.18713732115921067,
        "model_2_multimer": 0.18745437176015028,
        "model_3_multimer": 0.18661248093926494,
        "model_4_multimer": 0.188185428666265,
        "model_5_multimer": 0.18680540016656988
    },
    "order": [
        "model_4_multimer",
        "model_2_multimer",
        "model_1_multimer",
        "model_5_multimer",
        "model_3_multimer"
    ]
}