{
    "features": 869.605703830719,
    "process_features_model_1": 3.313347816467285,
    "predict_and_compile_model_1": 200.18453240394592,
    "relax_model_1": 25.968931913375854,
    "process_features_model_2": 3.057033061981201,
    "predict_and_compile_model_2": 191.45914435386658,
    "relax_model_2": 17.493024349212646,
    "process_features_model_3": 2.278465986251831,
    "predict_and_compile_model_3": 165.7328863143921,
    "relax_model_3": 17.237974643707275,
    "process_features_model_4": 2.229971408843994,
    "predict_and_compile_model_4": 161.9144024848938,
    "relax_model_4": 15.93725299835205,
    "process_features_model_5": 2.2525949478149414,
    "predict_and_compile_model_5": 147.57355451583862,
    "relax_model_5": 26.398349046707153
}