{
    "plddts": {
        "model_1": 80.80548918710852,
        "model_2": 82.07666264802226,
        "model_3": 81.71040242499832,
        "model_4": 80.36762670293747,
        "model_5": 78.79583589792666
    },
    "order": [
        "model_2",
        "model_3",
        "model_1",
        "model_4",
        "model_5"
    ]
}