{
    "features": 996.6911227703094,
    "process_features_model_1": 3.8812057971954346,
    "predict_and_compile_model_1": 202.87940335273743,
    "relax_model_1": 157.05356884002686,
    "process_features_model_2": 12.471121072769165,
    "predict_and_compile_model_2": 190.2991406917572,
    "relax_model_2": 132.3492453098297,
    "process_features_model_3": 3.051482677459717,
    "predict_and_compile_model_3": 145.1570920944214,
    "relax_model_3": 156.13720893859863,
    "process_features_model_4": 2.9028191566467285,
    "predict_and_compile_model_4": 141.92453956604004,
    "relax_model_4": 145.33410477638245,
    "process_features_model_5": 2.8547379970550537,
    "predict_and_compile_model_5": 127.15586447715759,
    "relax_model_5": 143.99682521820068
}