{
    "plddts": {
        "model_1": 52.76081958871069,
        "model_2": 56.299364513720356,
        "model_3": 65.88557593378022,
        "model_4": 63.02808669237819,
        "model_5": 68.08927939918502
    },
    "order": [
        "model_5",
        "model_3",
        "model_4",
        "model_2",
        "model_1"
    ]
}