{
    "features": 814.1160688400269,
    "process_features_model_1_multimer": 6.9141387939453125e-06,
    "predict_and_compile_model_1_multimer": 88.60548567771912,
    "relax_model_1_multimer": 18.075472354888916,
    "process_features_model_2_multimer": 5.0067901611328125e-06,
    "predict_and_compile_model_2_multimer": 81.15980386734009,
    "relax_model_2_multimer": 10.470482587814331,
    "process_features_model_3_multimer": 1.5974044799804688e-05,
    "predict_and_compile_model_3_multimer": 108.10578155517578,
    "relax_model_3_multimer": 13.505455732345581,
    "process_features_model_4_multimer": 4.5299530029296875e-06,
    "predict_and_compile_model_4_multimer": 97.06086540222168,
    "relax_model_4_multimer": 15.327574968338013,
    "process_features_model_5_multimer": 1.9550323486328125e-05,
    "predict_and_compile_model_5_multimer": 85.37983083724976,
    "relax_model_5_multimer": 10.574776887893677
}