{
    "features": 1011.7767543792725,
    "process_features_model_1": 3.8182075023651123,
    "predict_and_compile_model_1": 39.37779140472412,
    "relax_model_1": 178.210378408432,
    "process_features_model_2": 3.6473050117492676,
    "predict_and_compile_model_2": 34.12352108955383,
    "relax_model_2": 153.4517846107483,
    "process_features_model_3": 2.843057632446289,
    "predict_and_compile_model_3": 37.52486705780029,
    "relax_model_3": 165.7889587879181,
    "process_features_model_4": 2.793241262435913,
    "predict_and_compile_model_4": 37.49980282783508,
    "relax_model_4": 150.56471300125122,
    "process_features_model_5": 2.8840644359588623,
    "predict_and_compile_model_5": 32.15001654624939,
    "relax_model_5": 170.9093496799469
}