{
    "plddts": {
        "model_1": 50.22810501898841,
        "model_2": 43.10023181032803,
        "model_3": 44.471831459546294,
        "model_4": 39.879175660169906,
        "model_5": 40.501580909494166
    },
    "order": [
        "model_1",
        "model_3",
        "model_2",
        "model_5",
        "model_4"
    ]
}