{
    "plddts": {
        "model_1": 86.33688233992515,
        "model_2": 86.66619399241796,
        "model_3": 85.24341598368655,
        "model_4": 87.17577762676565,
        "model_5": 86.80194449795053
    },
    "order": [
        "model_4",
        "model_5",
        "model_2",
        "model_1",
        "model_3"
    ]
}