{
    "iptm+ptm": {
        "model_1_multimer": 0.23664740170605716,
        "model_2_multimer": 0.24251696294463748,
        "model_3_multimer": 0.256878230207205,
        "model_4_multimer": 0.2307875899731644,
        "model_5_multimer": 0.305058945173722
    },
    "order": [
        "model_5_multimer",
        "model_3_multimer",
        "model_2_multimer",
        "model_1_multimer",
        "model_4_multimer"
    ]
}