{
    "features": 1014.1917312145233,
    "process_features_model_1": 3.9873709678649902,
    "predict_and_compile_model_1": 189.8140070438385,
    "relax_model_1": 131.2802336215973,
    "process_features_model_2": 3.9093005657196045,
    "predict_and_compile_model_2": 178.08818244934082,
    "relax_model_2": 244.3646159172058,
    "process_features_model_3": 3.0756895542144775,
    "predict_and_compile_model_3": 122.61281847953796,
    "relax_model_3": 148.05629992485046,
    "process_features_model_4": 3.14371657371521,
    "predict_and_compile_model_4": 119.33307123184204,
    "relax_model_4": 128.05284237861633,
    "process_features_model_5": 3.0960309505462646,
    "predict_and_compile_model_5": 116.00694537162781,
    "relax_model_5": 149.3606972694397
}