{
    "plddts": {
        "model_1": 88.45501448000051,
        "model_2": 87.14204954930248,
        "model_3": 84.66306957708038,
        "model_4": 86.2394540803351,
        "model_5": 87.52052611546408
    },
    "order": [
        "model_1",
        "model_5",
        "model_2",
        "model_4",
        "model_3"
    ]
}