{
    "plddts": {
        "model_1": 91.90208446595271,
        "model_2": 90.40784506363799,
        "model_3": 91.61347462737466,
        "model_4": 91.5996550484057,
        "model_5": 91.55215311010508
    },
    "order": [
        "model_1",
        "model_3",
        "model_4",
        "model_5",
        "model_2"
    ]
}