{
    "features": 977.5287849903107,
    "process_features_model_1": 2.8901491165161133,
    "predict_and_compile_model_1": 185.7924075126648,
    "relax_model_1": 137.7141466140747,
    "process_features_model_2": 2.9842653274536133,
    "predict_and_compile_model_2": 175.0003480911255,
    "relax_model_2": 121.11484909057617,
    "process_features_model_3": 2.327192544937134,
    "predict_and_compile_model_3": 123.93192625045776,
    "relax_model_3": 138.3442862033844,
    "process_features_model_4": 2.3405580520629883,
    "predict_and_compile_model_4": 121.97571110725403,
    "relax_model_4": 125.37277889251709,
    "process_features_model_5": 2.3618476390838623,
    "predict_and_compile_model_5": 117.70036816596985,
    "relax_model_5": 132.8541042804718
}