{
    "plddts": {
        "model_1": 90.28912242189521,
        "model_2": 89.4424771396424,
        "model_3": 91.0720131408586,
        "model_4": 90.85187149372126,
        "model_5": 90.41618128898882
    },
    "order": [
        "model_3",
        "model_4",
        "model_5",
        "model_1",
        "model_2"
    ]
}