{
    "features": 1010.47629570961,
    "process_features_model_1": 3.9198896884918213,
    "predict_and_compile_model_1": 44.31875443458557,
    "relax_model_1": 168.5811219215393,
    "process_features_model_2": 3.482755184173584,
    "predict_and_compile_model_2": 38.184221029281616,
    "relax_model_2": 172.14672183990479,
    "process_features_model_3": 2.859316110610962,
    "predict_and_compile_model_3": 41.66202712059021,
    "relax_model_3": 194.5819787979126,
    "process_features_model_4": 2.9585821628570557,
    "predict_and_compile_model_4": 41.55823874473572,
    "relax_model_4": 214.3330934047699,
    "process_features_model_5": 2.823188304901123,
    "predict_and_compile_model_5": 35.72760367393494,
    "relax_model_5": 191.1575789451599
}