{
    "features": 990.2643446922302,
    "process_features_model_1": 3.8110246658325195,
    "predict_and_compile_model_1": 40.829084157943726,
    "relax_model_1": 176.48191285133362,
    "process_features_model_2": 3.5070440769195557,
    "predict_and_compile_model_2": 35.58407187461853,
    "relax_model_2": 194.10932397842407,
    "process_features_model_3": 3.0251476764678955,
    "predict_and_compile_model_3": 38.918700218200684,
    "relax_model_3": 660.8370292186737,
    "process_features_model_4": 3.08803391456604,
    "predict_and_compile_model_4": 38.874277114868164,
    "relax_model_4": 174.6836371421814,
    "process_features_model_5": 3.060765504837036,
    "predict_and_compile_model_5": 33.33227324485779,
    "relax_model_5": 219.05454277992249
}