{
    "features": 869.9792594909668,
    "process_features_model_1": 2.906383991241455,
    "predict_and_compile_model_1": 180.53135013580322,
    "relax_model_1": 23.714239835739136,
    "process_features_model_2": 2.7688486576080322,
    "predict_and_compile_model_2": 165.30714774131775,
    "relax_model_2": 21.088804721832275,
    "process_features_model_3": 2.052536964416504,
    "predict_and_compile_model_3": 145.59980988502502,
    "relax_model_3": 12.870106935501099,
    "process_features_model_4": 1.93123197555542,
    "predict_and_compile_model_4": 144.65708708763123,
    "relax_model_4": 13.883097410202026,
    "process_features_model_5": 1.9151110649108887,
    "predict_and_compile_model_5": 132.68353724479675,
    "relax_model_5": 21.35369610786438
}