{
    "plddts": {
        "model_1": 90.63628528936493,
        "model_2": 90.55554547936752,
        "model_3": 91.40450271559575,
        "model_4": 91.28533365587676,
        "model_5": 90.72169658320368
    },
    "order": [
        "model_3",
        "model_4",
        "model_5",
        "model_1",
        "model_2"
    ]
}