{
    "features": 1005.116500377655,
    "process_features_model_1": 3.8346750736236572,
    "predict_and_compile_model_1": 202.71331787109375,
    "relax_model_1": 132.0638725757599,
    "process_features_model_2": 3.664186716079712,
    "predict_and_compile_model_2": 187.81199169158936,
    "relax_model_2": 114.1997320652008,
    "process_features_model_3": 2.8781750202178955,
    "predict_and_compile_model_3": 139.72204065322876,
    "relax_model_3": 117.79512739181519,
    "process_features_model_4": 2.9003846645355225,
    "predict_and_compile_model_4": 135.7422924041748,
    "relax_model_4": 113.78775119781494,
    "process_features_model_5": 2.90153431892395,
    "predict_and_compile_model_5": 132.17273545265198,
    "relax_model_5": 119.40682768821716
}