{
    "features": 945.1213710308075,
    "process_features_model_1": 3.1357617378234863,
    "predict_and_compile_model_1": 191.88654828071594,
    "relax_model_1": 159.8175368309021,
    "process_features_model_2": 3.1687207221984863,
    "predict_and_compile_model_2": 188.91009616851807,
    "relax_model_2": 123.79001259803772,
    "process_features_model_3": 2.6398468017578125,
    "predict_and_compile_model_3": 137.3374195098877,
    "relax_model_3": 126.9836175441742,
    "process_features_model_4": 2.6054298877716064,
    "predict_and_compile_model_4": 133.7122802734375,
    "relax_model_4": 146.74330520629883,
    "process_features_model_5": 2.55350661277771,
    "predict_and_compile_model_5": 122.43494892120361,
    "relax_model_5": 139.46557688713074
}