{
    "plddts": {
        "model_1": 90.58461848768316,
        "model_2": 89.49353610489455,
        "model_3": 90.18841256058948,
        "model_4": 89.74571025344946,
        "model_5": 88.61145272560823
    },
    "order": [
        "model_1",
        "model_3",
        "model_4",
        "model_2",
        "model_5"
    ]
}