{
    "features": 1015.5709178447723,
    "process_features_model_1": 3.885545253753662,
    "predict_and_compile_model_1": 191.65233063697815,
    "relax_model_1": 185.59616613388062,
    "process_features_model_2": 3.8552541732788086,
    "predict_and_compile_model_2": 179.86184430122375,
    "relax_model_2": 180.46795511245728,
    "process_features_model_3": 3.0520012378692627,
    "predict_and_compile_model_3": 139.812997341156,
    "relax_model_3": 159.30060601234436,
    "process_features_model_4": 3.0754477977752686,
    "predict_and_compile_model_4": 136.04498028755188,
    "relax_model_4": 140.28802466392517,
    "process_features_model_5": 2.970360279083252,
    "predict_and_compile_model_5": 131.13220858573914,
    "relax_model_5": 239.56172704696655
}