{
    "features": 993.8332443237305,
    "process_features_model_1": 3.815235137939453,
    "predict_and_compile_model_1": 197.39857721328735,
    "relax_model_1": 209.11926865577698,
    "process_features_model_2": 3.766817092895508,
    "predict_and_compile_model_2": 182.38566541671753,
    "relax_model_2": 163.55415892601013,
    "process_features_model_3": 2.855515718460083,
    "predict_and_compile_model_3": 142.1539180278778,
    "relax_model_3": 161.63946270942688,
    "process_features_model_4": 2.7958476543426514,
    "predict_and_compile_model_4": 138.01121044158936,
    "relax_model_4": 154.7343237400055,
    "process_features_model_5": 2.841679811477661,
    "predict_and_compile_model_5": 132.1384334564209,
    "relax_model_5": 173.39192080497742
}