{
    "plddts": {
        "model_1": 86.15719529578996,
        "model_2": 85.55498823706593,
        "model_3": 86.05315431586489,
        "model_4": 85.1032290123289,
        "model_5": 84.3562466530764
    },
    "order": [
        "model_1",
        "model_3",
        "model_2",
        "model_4",
        "model_5"
    ]
}