{
    "iptm+ptm": {
        "model_1_multimer": 0.28717837286185355,
        "model_2_multimer": 0.28631229653109236,
        "model_3_multimer": 0.33258211613967126,
        "model_4_multimer": 0.25017974544080657,
        "model_5_multimer": 0.2725372376597001
    },
    "order": [
        "model_3_multimer",
        "model_1_multimer",
        "model_2_multimer",
        "model_5_multimer",
        "model_4_multimer"
    ]
}