{
    "features": 1576.6839609146118,
    "process_features_model_1_multimer": 0.00011420249938964844,
    "predict_and_compile_model_1_multimer": 4609.657599449158,
    "relax_model_1_multimer": 24568.655484437943,
    "process_features_model_2_multimer": 2.4557113647460938e-05,
    "predict_and_compile_model_2_multimer": 8626.94873547554,
    "relax_model_2_multimer": 50257.09014058113,
    "process_features_model_3_multimer": 1.52587890625e-05,
    "predict_and_compile_model_3_multimer": 11089.192897081375,
    "relax_model_3_multimer": 23434.117881298065,
    "process_features_model_4_multimer": 1.1682510375976562e-05,
    "predict_and_compile_model_4_multimer": 3180.6587574481964,
    "relax_model_4_multimer": 19613.31276321411,
    "process_features_model_5_multimer": 1.33514404296875e-05,
    "predict_and_compile_model_5_multimer": 3177.4085071086884,
    "relax_model_5_multimer": 7240.529901504517
}