{
    "plddts": {
        "model_1": 87.02997980561443,
        "model_2": 85.28703334781221,
        "model_3": 84.33129834873736,
        "model_4": 84.56149183127769,
        "model_5": 80.7110155687805
    },
    "order": [
        "model_1",
        "model_2",
        "model_4",
        "model_3",
        "model_5"
    ]
}