{
    "plddts": {
        "model_1": 82.9441157379155,
        "model_2": 82.94462098090834,
        "model_3": 83.509354837017,
        "model_4": 82.04516074032931,
        "model_5": 82.46227522752748
    },
    "order": [
        "model_3",
        "model_2",
        "model_1",
        "model_5",
        "model_4"
    ]
}