{
    "features": 946.7572441101074,
    "process_features_model_1": 3.3582050800323486,
    "predict_and_compile_model_1": 196.7818639278412,
    "relax_model_1": 166.6634202003479,
    "process_features_model_2": 3.300689220428467,
    "predict_and_compile_model_2": 193.73580026626587,
    "relax_model_2": 168.74058151245117,
    "process_features_model_3": 2.5842034816741943,
    "predict_and_compile_model_3": 140.44558238983154,
    "relax_model_3": 133.72730946540833,
    "process_features_model_4": 2.621640682220459,
    "predict_and_compile_model_4": 137.4220404624939,
    "relax_model_4": 169.4627935886383,
    "process_features_model_5": 2.595750093460083,
    "predict_and_compile_model_5": 124.48177647590637,
    "relax_model_5": 174.19156980514526
}