{
    "features": 883.1867911815643,
    "process_features_model_1": 2.8840386867523193,
    "predict_and_compile_model_1": 70.04129147529602,
    "relax_model_1": 15.98560118675232,
    "process_features_model_2": 2.7202818393707275,
    "predict_and_compile_model_2": 60.79052019119263,
    "relax_model_2": 24.389843463897705,
    "process_features_model_3": 1.857224702835083,
    "predict_and_compile_model_3": 67.52284002304077,
    "relax_model_3": 23.024014234542847,
    "process_features_model_4": 2.0629167556762695,
    "predict_and_compile_model_4": 67.46599388122559,
    "relax_model_4": 12.695769548416138,
    "process_features_model_5": 1.888392686843872,
    "predict_and_compile_model_5": 58.38729786872864,
    "relax_model_5": 23.251500368118286
}