{
    "plddts": {
        "model_1": 82.61627622113924,
        "model_2": 83.31614434162451,
        "model_3": 83.44585123285012,
        "model_4": 83.49829257835125,
        "model_5": 81.9421037084209
    },
    "order": [
        "model_4",
        "model_3",
        "model_2",
        "model_1",
        "model_5"
    ]
}