{
    "features": 887.0377011299133,
    "process_features_model_1": 3.0026936531066895,
    "predict_and_compile_model_1": 177.76383090019226,
    "relax_model_1": 30.90835165977478,
    "process_features_model_2": 3.4663336277008057,
    "predict_and_compile_model_2": 162.38288640975952,
    "relax_model_2": 22.258873462677002,
    "process_features_model_3": 2.19075870513916,
    "predict_and_compile_model_3": 129.15821528434753,
    "relax_model_3": 23.009376049041748,
    "process_features_model_4": 2.1352646350860596,
    "predict_and_compile_model_4": 126.49522590637207,
    "relax_model_4": 22.183577299118042,
    "process_features_model_5": 2.102119207382202,
    "predict_and_compile_model_5": 118.26152849197388,
    "relax_model_5": 23.762901067733765
}