{
    "features": 1005.8461883068085,
    "process_features_model_1": 3.8500752449035645,
    "predict_and_compile_model_1": 42.4373414516449,
    "relax_model_1": 168.37152099609375,
    "process_features_model_2": 3.840149164199829,
    "predict_and_compile_model_2": 36.763771057128906,
    "relax_model_2": 174.73165798187256,
    "process_features_model_3": 3.0377821922302246,
    "predict_and_compile_model_3": 40.29289150238037,
    "relax_model_3": 164.76658821105957,
    "process_features_model_4": 2.785521984100342,
    "predict_and_compile_model_4": 40.26840424537659,
    "relax_model_4": 173.1347484588623,
    "process_features_model_5": 3.0877835750579834,
    "predict_and_compile_model_5": 34.52573919296265,
    "relax_model_5": 161.62395071983337
}