{
    "plddts": {
        "model_1": 86.4922737835804,
        "model_2": 82.82608672180667,
        "model_3": 82.43608479729765,
        "model_4": 80.85695056556835,
        "model_5": 82.77595660235056
    },
    "order": [
        "model_1",
        "model_2",
        "model_5",
        "model_3",
        "model_4"
    ]
}