{
    "features": 903.9616107940674,
    "process_features_model_1": 3.2854647636413574,
    "predict_and_compile_model_1": 204.8063952922821,
    "relax_model_1": 36.26885771751404,
    "process_features_model_2": 3.0741209983825684,
    "predict_and_compile_model_2": 189.8854043483734,
    "relax_model_2": 27.509873390197754,
    "process_features_model_3": 2.2305352687835693,
    "predict_and_compile_model_3": 158.09540152549744,
    "relax_model_3": 27.905702590942383,
    "process_features_model_4": 2.3472630977630615,
    "predict_and_compile_model_4": 154.29990243911743,
    "relax_model_4": 26.325772285461426,
    "process_features_model_5": 2.2781310081481934,
    "predict_and_compile_model_5": 142.26116943359375,
    "relax_model_5": 25.25214982032776
}