{
    "features": 983.5762679576874,
    "process_features_model_1": 13.486030578613281,
    "predict_and_compile_model_1": 206.45112204551697,
    "relax_model_1": 157.69969630241394,
    "process_features_model_2": 3.923478603363037,
    "predict_and_compile_model_2": 193.72105598449707,
    "relax_model_2": 136.28867268562317,
    "process_features_model_3": 3.1088216304779053,
    "predict_and_compile_model_3": 147.54542064666748,
    "relax_model_3": 140.25274777412415,
    "process_features_model_4": 2.9920599460601807,
    "predict_and_compile_model_4": 141.29779601097107,
    "relax_model_4": 118.11910843849182,
    "process_features_model_5": 2.9744062423706055,
    "predict_and_compile_model_5": 135.9321732521057,
    "relax_model_5": 130.38202333450317
}