{
    "plddts": {
        "model_1": 91.20053369404297,
        "model_2": 90.87772496673416,
        "model_3": 91.64080376336804,
        "model_4": 91.39601684748186,
        "model_5": 90.92718420089929
    },
    "order": [
        "model_3",
        "model_4",
        "model_1",
        "model_5",
        "model_2"
    ]
}