{
    "features": 945.7761747837067,
    "process_features_model_1": 3.304041862487793,
    "predict_and_compile_model_1": 196.51587319374084,
    "relax_model_1": 33.241459608078,
    "process_features_model_2": 3.1431188583374023,
    "predict_and_compile_model_2": 184.2659285068512,
    "relax_model_2": 24.94062089920044,
    "process_features_model_3": 2.3904669284820557,
    "predict_and_compile_model_3": 152.582115650177,
    "relax_model_3": 24.74016046524048,
    "process_features_model_4": 2.4554970264434814,
    "predict_and_compile_model_4": 163.47275066375732,
    "relax_model_4": 17.37244749069214,
    "process_features_model_5": 2.4557182788848877,
    "predict_and_compile_model_5": 150.55000138282776,
    "relax_model_5": 15.849191904067993
}