{
    "features": 961.8319215774536,
    "process_features_model_1": 3.221282482147217,
    "predict_and_compile_model_1": 210.72290968894958,
    "relax_model_1": 24.839741230010986,
    "process_features_model_2": 3.0261306762695312,
    "predict_and_compile_model_2": 186.47668623924255,
    "relax_model_2": 24.44105076789856,
    "process_features_model_3": 2.2354395389556885,
    "predict_and_compile_model_3": 154.43752193450928,
    "relax_model_3": 25.156739711761475,
    "process_features_model_4": 2.295517683029175,
    "predict_and_compile_model_4": 164.04850268363953,
    "relax_model_4": 15.356307029724121,
    "process_features_model_5": 2.2095205783843994,
    "predict_and_compile_model_5": 150.88385009765625,
    "relax_model_5": 15.527811765670776
}