{
    "features": 921.5636827945709,
    "process_features_model_1": 3.099153518676758,
    "predict_and_compile_model_1": 178.80736565589905,
    "relax_model_1": 32.46414804458618,
    "process_features_model_2": 3.0447487831115723,
    "predict_and_compile_model_2": 163.92443132400513,
    "relax_model_2": 14.407995223999023,
    "process_features_model_3": 2.3862717151641846,
    "predict_and_compile_model_3": 141.37593626976013,
    "relax_model_3": 14.158734560012817,
    "process_features_model_4": 2.4767653942108154,
    "predict_and_compile_model_4": 138.72967720031738,
    "relax_model_4": 14.601134538650513,
    "process_features_model_5": 2.3094818592071533,
    "predict_and_compile_model_5": 130.56899857521057,
    "relax_model_5": 14.69240689277649
}