{
    "features": 989.3199782371521,
    "process_features_model_1": 3.8570735454559326,
    "predict_and_compile_model_1": 213.51771450042725,
    "relax_model_1": 171.70572972297668,
    "process_features_model_2": 3.8760745525360107,
    "predict_and_compile_model_2": 195.34404039382935,
    "relax_model_2": 165.1872169971466,
    "process_features_model_3": 2.9573397636413574,
    "predict_and_compile_model_3": 140.79953694343567,
    "relax_model_3": 182.07484006881714,
    "process_features_model_4": 2.949430465698242,
    "predict_and_compile_model_4": 147.61238050460815,
    "relax_model_4": 166.31169652938843,
    "process_features_model_5": 2.9123356342315674,
    "predict_and_compile_model_5": 141.8598177433014,
    "relax_model_5": 158.098130941391
}