{
    "plddts": {
        "model_1": 87.45523944277375,
        "model_2": 86.27665753295683,
        "model_3": 87.61193413115103,
        "model_4": 86.54996787326012,
        "model_5": 85.97430042579224
    },
    "order": [
        "model_3",
        "model_1",
        "model_4",
        "model_2",
        "model_5"
    ]
}