{
    "features": 1013.462005853653,
    "process_features_model_1": 3.7465999126434326,
    "predict_and_compile_model_1": 230.5392062664032,
    "relax_model_1": 256.4517123699188,
    "process_features_model_2": 3.5349395275115967,
    "predict_and_compile_model_2": 201.3872835636139,
    "relax_model_2": 225.34035539627075,
    "process_features_model_3": 2.750779151916504,
    "predict_and_compile_model_3": 144.88690042495728,
    "relax_model_3": 213.64863300323486,
    "process_features_model_4": 2.823826313018799,
    "predict_and_compile_model_4": 154.36399054527283,
    "relax_model_4": 193.71601915359497,
    "process_features_model_5": 2.8441591262817383,
    "predict_and_compile_model_5": 148.05140614509583,
    "relax_model_5": 212.33418798446655
}