{
    "iptm+ptm": {
        "model_1_multimer": 0.21318716052659897,
        "model_2_multimer": 0.2699666156979589,
        "model_3_multimer": 0.17280201704535897,
        "model_4_multimer": 0.17715865018906518,
        "model_5_multimer": 0.16163780193669675
    },
    "order": [
        "model_2_multimer",
        "model_1_multimer",
        "model_4_multimer",
        "model_3_multimer",
        "model_5_multimer"
    ]
}