{
    "plddts": {
        "model_1": 90.78843589807465,
        "model_2": 91.0271479860957,
        "model_3": 90.69379991211204,
        "model_4": 90.43128577257724,
        "model_5": 90.98760177909172
    },
    "order": [
        "model_2",
        "model_5",
        "model_1",
        "model_3",
        "model_4"
    ]
}