{
    "features": 908.9610600471497,
    "process_features_model_1": 3.679826021194458,
    "predict_and_compile_model_1": 76.89952373504639,
    "relax_model_1": 30.329357385635376,
    "process_features_model_2": 2.9979801177978516,
    "predict_and_compile_model_2": 67.02502703666687,
    "relax_model_2": 14.699471712112427,
    "process_features_model_3": 2.2358217239379883,
    "predict_and_compile_model_3": 74.05056619644165,
    "relax_model_3": 27.36830973625183,
    "process_features_model_4": 2.2711572647094727,
    "predict_and_compile_model_4": 74.06260085105896,
    "relax_model_4": 27.213549375534058,
    "process_features_model_5": 2.0947089195251465,
    "predict_and_compile_model_5": 64.18856930732727,
    "relax_model_5": 13.75033712387085
}