{
    "features": 902.0483667850494,
    "process_features_model_1": 3.296518325805664,
    "predict_and_compile_model_1": 81.40487790107727,
    "relax_model_1": 19.200418710708618,
    "process_features_model_2": 2.860067844390869,
    "predict_and_compile_model_2": 72.11314725875854,
    "relax_model_2": 23.711408615112305,
    "process_features_model_3": 2.09212064743042,
    "predict_and_compile_model_3": 78.6685266494751,
    "relax_model_3": 23.794174909591675,
    "process_features_model_4": 2.2397496700286865,
    "predict_and_compile_model_4": 78.71003818511963,
    "relax_model_4": 14.662790775299072,
    "process_features_model_5": 2.148488759994507,
    "predict_and_compile_model_5": 69.37371706962585,
    "relax_model_5": 23.373482942581177
}