{
    "plddts": {
        "model_1": 83.12563798848021,
        "model_2": 79.91104567213793,
        "model_3": 76.19171942056025,
        "model_4": 80.41430301963126,
        "model_5": 76.7621174586653
    },
    "order": [
        "model_1",
        "model_4",
        "model_2",
        "model_5",
        "model_3"
    ]
}