{
    "features": 880.8205850124359,
    "process_features_model_1": 3.1257426738739014,
    "predict_and_compile_model_1": 158.3218650817871,
    "relax_model_1": 38.36093187332153,
    "process_features_model_2": 3.0378267765045166,
    "predict_and_compile_model_2": 132.78438687324524,
    "relax_model_2": 22.98206663131714,
    "process_features_model_3": 2.0795516967773438,
    "predict_and_compile_model_3": 115.8651921749115,
    "relax_model_3": 23.041844844818115,
    "process_features_model_4": 2.011584520339966,
    "predict_and_compile_model_4": 111.3709557056427,
    "relax_model_4": 21.904361724853516,
    "process_features_model_5": 2.2285335063934326,
    "predict_and_compile_model_5": 104.69877219200134,
    "relax_model_5": 22.64548110961914
}