{
    "features": 1007.2566869258881,
    "process_features_model_1": 3.7761149406433105,
    "predict_and_compile_model_1": 42.176860094070435,
    "relax_model_1": 159.48407888412476,
    "process_features_model_2": 3.84863018989563,
    "predict_and_compile_model_2": 36.568434953689575,
    "relax_model_2": 158.24206686019897,
    "process_features_model_3": 2.7683794498443604,
    "predict_and_compile_model_3": 39.97333908081055,
    "relax_model_3": 151.77400374412537,
    "process_features_model_4": 2.981067657470703,
    "predict_and_compile_model_4": 39.95890235900879,
    "relax_model_4": 161.28336310386658,
    "process_features_model_5": 2.9231226444244385,
    "predict_and_compile_model_5": 34.23788142204285,
    "relax_model_5": 152.99221992492676
}