{
    "plddts": {
        "model_1": 86.67205729257061,
        "model_2": 85.39654414083913,
        "model_3": 86.52270073199573,
        "model_4": 88.4053297732351,
        "model_5": 88.92189982982373
    },
    "order": [
        "model_5",
        "model_4",
        "model_1",
        "model_3",
        "model_2"
    ]
}