{
    "plddts": {
        "model_1": 87.64422753947413,
        "model_2": 86.70955277066928,
        "model_3": 86.5053520816435,
        "model_4": 85.83047632568643,
        "model_5": 84.28982137071769
    },
    "order": [
        "model_1",
        "model_2",
        "model_3",
        "model_4",
        "model_5"
    ]
}