{
    "features": 1000.1406276226044,
    "process_features_model_1": 3.5396971702575684,
    "predict_and_compile_model_1": 202.52176094055176,
    "relax_model_1": 145.92520427703857,
    "process_features_model_2": 3.731755018234253,
    "predict_and_compile_model_2": 195.817946434021,
    "relax_model_2": 125.80058193206787,
    "process_features_model_3": 2.9124186038970947,
    "predict_and_compile_model_3": 136.90381121635437,
    "relax_model_3": 128.17716360092163,
    "process_features_model_4": 2.8269410133361816,
    "predict_and_compile_model_4": 134.16449904441833,
    "relax_model_4": 131.1564335823059,
    "process_features_model_5": 2.8645524978637695,
    "predict_and_compile_model_5": 131.2501413822174,
    "relax_model_5": 134.70234394073486
}