{
    "plddts": {
        "model_1": 85.04818688152858,
        "model_2": 85.0355703749216,
        "model_3": 85.50538890805224,
        "model_4": 85.00487235501103,
        "model_5": 83.03300011481956
    },
    "order": [
        "model_3",
        "model_1",
        "model_2",
        "model_4",
        "model_5"
    ]
}