{
    "features": 1016.8656413555145,
    "process_features_model_1": 3.84424090385437,
    "predict_and_compile_model_1": 41.632630348205566,
    "relax_model_1": 227.24102354049683,
    "process_features_model_2": 3.7529027462005615,
    "predict_and_compile_model_2": 36.25375723838806,
    "relax_model_2": 308.98919892311096,
    "process_features_model_3": 3.028938055038452,
    "predict_and_compile_model_3": 39.59134006500244,
    "relax_model_3": 159.74391388893127,
    "process_features_model_4": 3.098159074783325,
    "predict_and_compile_model_4": 39.62152123451233,
    "relax_model_4": 191.62902522087097,
    "process_features_model_5": 3.0033528804779053,
    "predict_and_compile_model_5": 34.15391540527344,
    "relax_model_5": 207.47539496421814
}