{
    "plddts": {
        "model_1": 85.86539844519103,
        "model_2": 87.02475372534013,
        "model_3": 86.70444624355368,
        "model_4": 86.12948049570818,
        "model_5": 86.01513033353616
    },
    "order": [
        "model_2",
        "model_3",
        "model_4",
        "model_5",
        "model_1"
    ]
}