{
    "features": 986.7294688224792,
    "process_features_model_1": 3.801283359527588,
    "predict_and_compile_model_1": 43.30613327026367,
    "relax_model_1": 190.75647163391113,
    "process_features_model_2": 3.5924456119537354,
    "predict_and_compile_model_2": 37.24780559539795,
    "relax_model_2": 153.4125566482544,
    "process_features_model_3": 3.012749433517456,
    "predict_and_compile_model_3": 40.77699565887451,
    "relax_model_3": 171.91435194015503,
    "process_features_model_4": 3.0126562118530273,
    "predict_and_compile_model_4": 40.96502995491028,
    "relax_model_4": 165.5993185043335,
    "process_features_model_5": 2.821269989013672,
    "predict_and_compile_model_5": 35.031548261642456,
    "relax_model_5": 167.20339918136597
}