{
    "iptm+ptm": {
        "model_1_multimer": 0.490711045433226,
        "model_2_multimer": 0.36785356745728537,
        "model_3_multimer": 0.5548882791936199,
        "model_4_multimer": 0.34425818935642855,
        "model_5_multimer": 0.4803075250170735
    },
    "order": [
        "model_3_multimer",
        "model_1_multimer",
        "model_5_multimer",
        "model_2_multimer",
        "model_4_multimer"
    ]
}