{
    "plddts": {
        "model_1": 70.23048599228117,
        "model_2": 67.8521407873496,
        "model_3": 69.24008262930498,
        "model_4": 66.1558477940101,
        "model_5": 63.70064234855023
    },
    "order": [
        "model_1",
        "model_3",
        "model_2",
        "model_4",
        "model_5"
    ]
}