{
    "features": 994.7013025283813,
    "process_features_model_1": 3.690847635269165,
    "predict_and_compile_model_1": 199.88449907302856,
    "relax_model_1": 169.84482550621033,
    "process_features_model_2": 3.5946881771087646,
    "predict_and_compile_model_2": 189.34859347343445,
    "relax_model_2": 129.43493223190308,
    "process_features_model_3": 2.8221654891967773,
    "predict_and_compile_model_3": 139.0613498687744,
    "relax_model_3": 130.46145272254944,
    "process_features_model_4": 2.8653385639190674,
    "predict_and_compile_model_4": 136.2584252357483,
    "relax_model_4": 139.1816644668579,
    "process_features_model_5": 2.8137333393096924,
    "predict_and_compile_model_5": 130.94182181358337,
    "relax_model_5": 152.2397096157074
}