{
    "plddts": {
        "model_1": 89.90519416680183,
        "model_2": 89.9001219126386,
        "model_3": 90.68565870949134,
        "model_4": 91.27055038229095,
        "model_5": 91.36898037738834
    },
    "order": [
        "model_5",
        "model_4",
        "model_3",
        "model_1",
        "model_2"
    ]
}