{
    "features": 981.7788717746735,
    "process_features_model_1": 3.353182315826416,
    "predict_and_compile_model_1": 199.41337132453918,
    "relax_model_1": 139.2030086517334,
    "process_features_model_2": 3.3534634113311768,
    "predict_and_compile_model_2": 182.18317794799805,
    "relax_model_2": 146.86792922019958,
    "process_features_model_3": 2.51788067817688,
    "predict_and_compile_model_3": 137.44210243225098,
    "relax_model_3": 157.9117510318756,
    "process_features_model_4": 2.5037436485290527,
    "predict_and_compile_model_4": 135.1234154701233,
    "relax_model_4": 188.65294575691223,
    "process_features_model_5": 2.525801420211792,
    "predict_and_compile_model_5": 121.42626643180847,
    "relax_model_5": 144.28886651992798
}