{
    "features": 1029.9931428432465,
    "process_features_model_1": 3.4424936771392822,
    "predict_and_compile_model_1": 42.22070813179016,
    "relax_model_1": 188.26509547233582,
    "process_features_model_2": 3.342496395111084,
    "predict_and_compile_model_2": 36.69414949417114,
    "relax_model_2": 169.87128949165344,
    "process_features_model_3": 2.9550673961639404,
    "predict_and_compile_model_3": 40.15640616416931,
    "relax_model_3": 181.57727980613708,
    "process_features_model_4": 3.006889581680298,
    "predict_and_compile_model_4": 40.121453285217285,
    "relax_model_4": 187.008296251297,
    "process_features_model_5": 2.938652753829956,
    "predict_and_compile_model_5": 34.46925234794617,
    "relax_model_5": 189.52121806144714
}