{
    "plddts": {
        "model_1": 90.00211427559485,
        "model_2": 89.76140017601999,
        "model_3": 86.8809956638865,
        "model_4": 85.89358978791635,
        "model_5": 88.19191403546003
    },
    "order": [
        "model_1",
        "model_2",
        "model_5",
        "model_3",
        "model_4"
    ]
}