{
    "plddts": {
        "model_1": 55.87491336938944,
        "model_2": 46.34902071256619,
        "model_3": 35.640623662320294,
        "model_4": 45.10760372404465,
        "model_5": 37.21306927855556
    },
    "order": [
        "model_1",
        "model_2",
        "model_4",
        "model_5",
        "model_3"
    ]
}