{
    "features": 871.7618775367737,
    "process_features_model_1": 3.055105447769165,
    "predict_and_compile_model_1": 177.56705498695374,
    "relax_model_1": 24.131847858428955,
    "process_features_model_2": 11.8660569190979,
    "predict_and_compile_model_2": 152.3452229499817,
    "relax_model_2": 22.72232961654663,
    "process_features_model_3": 2.223546266555786,
    "predict_and_compile_model_3": 149.53324723243713,
    "relax_model_3": 14.829880237579346,
    "process_features_model_4": 2.072319507598877,
    "predict_and_compile_model_4": 145.775559425354,
    "relax_model_4": 14.88667106628418,
    "process_features_model_5": 2.0584933757781982,
    "predict_and_compile_model_5": 135.4842472076416,
    "relax_model_5": 14.529647588729858
}