{
    "plddts": {
        "model_1": 85.42816325456091,
        "model_2": 85.34242302559319,
        "model_3": 85.66379684015239,
        "model_4": 84.26792482023399,
        "model_5": 84.62289131297744
    },
    "order": [
        "model_3",
        "model_1",
        "model_2",
        "model_5",
        "model_4"
    ]
}