{
    "features": 978.7024123668671,
    "process_features_model_1": 3.4432499408721924,
    "predict_and_compile_model_1": 202.18400192260742,
    "relax_model_1": 161.03135538101196,
    "process_features_model_2": 3.393855333328247,
    "predict_and_compile_model_2": 188.48642802238464,
    "relax_model_2": 202.12863111495972,
    "process_features_model_3": 2.585681915283203,
    "predict_and_compile_model_3": 143.37725567817688,
    "relax_model_3": 166.57835817337036,
    "process_features_model_4": 2.6153018474578857,
    "predict_and_compile_model_4": 131.11737966537476,
    "relax_model_4": 171.31632208824158,
    "process_features_model_5": 2.521230459213257,
    "predict_and_compile_model_5": 136.71498584747314,
    "relax_model_5": 144.19391202926636
}