{
    "plddts": {
        "model_1": 86.14314860731027,
        "model_2": 85.62947305110137,
        "model_3": 86.65415109551216,
        "model_4": 85.61994002707101,
        "model_5": 84.05325716209467
    },
    "order": [
        "model_3",
        "model_1",
        "model_2",
        "model_4",
        "model_5"
    ]
}