{
    "plddts": {
        "model_1": 62.656982626967704,
        "model_2": 60.71836372014762,
        "model_3": 60.227413981713056,
        "model_4": 61.380794480825536,
        "model_5": 65.58349013641588
    },
    "order": [
        "model_5",
        "model_1",
        "model_4",
        "model_2",
        "model_3"
    ]
}