{
    "plddts": {
        "model_1": 87.65998592483038,
        "model_2": 87.52376633808471,
        "model_3": 87.3869958775941,
        "model_4": 86.98341129105475,
        "model_5": 86.08389642516723
    },
    "order": [
        "model_1",
        "model_2",
        "model_3",
        "model_4",
        "model_5"
    ]
}