{
    "features": 973.8028407096863,
    "process_features_model_1": 3.4940690994262695,
    "predict_and_compile_model_1": 212.71122980117798,
    "relax_model_1": 36.45089030265808,
    "process_features_model_2": 3.2742412090301514,
    "predict_and_compile_model_2": 196.6750898361206,
    "relax_model_2": 28.928852558135986,
    "process_features_model_3": 2.517961025238037,
    "predict_and_compile_model_3": 166.32111644744873,
    "relax_model_3": 28.13354730606079,
    "process_features_model_4": 2.487391710281372,
    "predict_and_compile_model_4": 162.6013307571411,
    "relax_model_4": 27.607489347457886,
    "process_features_model_5": 2.369255542755127,
    "predict_and_compile_model_5": 150.3042769432068,
    "relax_model_5": 27.830140590667725
}