{
    "plddts": {
        "model_1": 92.87880442736778,
        "model_2": 92.51306487484854,
        "model_3": 91.64966147210389,
        "model_4": 92.19585878667394,
        "model_5": 91.26318130362324
    },
    "order": [
        "model_1",
        "model_2",
        "model_4",
        "model_3",
        "model_5"
    ]
}