{
    "features": 997.1989412307739,
    "process_features_model_1": 4.209957599639893,
    "predict_and_compile_model_1": 205.24362754821777,
    "relax_model_1": 140.22094655036926,
    "process_features_model_2": 4.24751615524292,
    "predict_and_compile_model_2": 197.02189946174622,
    "relax_model_2": 117.68666791915894,
    "process_features_model_3": 3.3851912021636963,
    "predict_and_compile_model_3": 140.49709010124207,
    "relax_model_3": 124.27435398101807,
    "process_features_model_4": 3.2309913635253906,
    "predict_and_compile_model_4": 136.47763442993164,
    "relax_model_4": 137.21217513084412,
    "process_features_model_5": 3.1138927936553955,
    "predict_and_compile_model_5": 133.13349986076355,
    "relax_model_5": 130.99071168899536
}