{
    "plddts": {
        "model_1": 77.25856442600595,
        "model_2": 79.1066239016446,
        "model_3": 78.30341140839899,
        "model_4": 73.81797119529587,
        "model_5": 61.135109527711485
    },
    "order": [
        "model_2",
        "model_3",
        "model_1",
        "model_4",
        "model_5"
    ]
}