{
    "features": 911.9079825878143,
    "process_features_model_1": 3.5177316665649414,
    "predict_and_compile_model_1": 189.33004212379456,
    "relax_model_1": 33.89763784408569,
    "process_features_model_2": 3.504274606704712,
    "predict_and_compile_model_2": 177.24734330177307,
    "relax_model_2": 14.365476369857788,
    "process_features_model_3": 2.501642942428589,
    "predict_and_compile_model_3": 155.5323052406311,
    "relax_model_3": 13.017438888549805,
    "process_features_model_4": 2.417421340942383,
    "predict_and_compile_model_4": 149.85007500648499,
    "relax_model_4": 13.319936752319336,
    "process_features_model_5": 2.364250898361206,
    "predict_and_compile_model_5": 140.4050931930542,
    "relax_model_5": 14.18561315536499
}