{
    "features": 908.8923316001892,
    "process_features_model_1": 1.9518980979919434,
    "predict_and_compile_model_1": 157.2614848613739,
    "relax_model_1": 24.264543294906616,
    "process_features_model_2": 1.8184337615966797,
    "predict_and_compile_model_2": 143.11710476875305,
    "relax_model_2": 11.403271198272705,
    "process_features_model_3": 1.48093581199646,
    "predict_and_compile_model_3": 117.71795773506165,
    "relax_model_3": 15.464820861816406,
    "process_features_model_4": 1.4730839729309082,
    "predict_and_compile_model_4": 112.13353252410889,
    "relax_model_4": 15.911858797073364,
    "process_features_model_5": 1.4742586612701416,
    "predict_and_compile_model_5": 109.83316707611084,
    "relax_model_5": 11.815684080123901
}