{
    "features": 987.834949016571,
    "process_features_model_1": 3.56309175491333,
    "predict_and_compile_model_1": 210.63429188728333,
    "relax_model_1": 166.7282156944275,
    "process_features_model_2": 3.663701057434082,
    "predict_and_compile_model_2": 194.58334517478943,
    "relax_model_2": 155.2627694606781,
    "process_features_model_3": 2.7541162967681885,
    "predict_and_compile_model_3": 143.96527886390686,
    "relax_model_3": 171.90433263778687,
    "process_features_model_4": 2.780606269836426,
    "predict_and_compile_model_4": 139.4835774898529,
    "relax_model_4": 168.150794506073,
    "process_features_model_5": 2.7521159648895264,
    "predict_and_compile_model_5": 126.80492687225342,
    "relax_model_5": 148.4260218143463
}