{
    "plddts": {
        "model_1": 84.24480094747545,
        "model_2": 84.84787280855842,
        "model_3": 85.35843088550217,
        "model_4": 85.43649642578958,
        "model_5": 84.70315249320632
    },
    "order": [
        "model_4",
        "model_3",
        "model_2",
        "model_5",
        "model_1"
    ]
}