{
    "features": 996.559844493866,
    "process_features_model_1": 3.7531607151031494,
    "predict_and_compile_model_1": 193.55836272239685,
    "relax_model_1": 178.74665904045105,
    "process_features_model_2": 3.7693939208984375,
    "predict_and_compile_model_2": 181.75672245025635,
    "relax_model_2": 176.27915239334106,
    "process_features_model_3": 2.878631353378296,
    "predict_and_compile_model_3": 132.72100710868835,
    "relax_model_3": 160.99147629737854,
    "process_features_model_4": 2.943380832672119,
    "predict_and_compile_model_4": 129.39709496498108,
    "relax_model_4": 185.2458930015564,
    "process_features_model_5": 2.9201254844665527,
    "predict_and_compile_model_5": 124.08199834823608,
    "relax_model_5": 177.36743450164795
}