{
    "plddts": {
        "model_1": 90.24008848485842,
        "model_2": 89.86175856772606,
        "model_3": 90.03826535223322,
        "model_4": 90.3590080363686,
        "model_5": 89.13582675013308
    },
    "order": [
        "model_4",
        "model_1",
        "model_3",
        "model_2",
        "model_5"
    ]
}