{
    "plddts": {
        "model_1": 76.13531050374836,
        "model_2": 57.976121255924156,
        "model_3": 76.27542598897722,
        "model_4": 77.06971081171623,
        "model_5": 72.36369289888749
    },
    "order": [
        "model_4",
        "model_3",
        "model_1",
        "model_5",
        "model_2"
    ]
}