{
    "plddts": {
        "model_1": 86.65610841453054,
        "model_2": 86.79174589913978,
        "model_3": 87.09422461586718,
        "model_4": 86.14251325008202,
        "model_5": 87.16094526998532
    },
    "order": [
        "model_5",
        "model_3",
        "model_2",
        "model_1",
        "model_4"
    ]
}