{
    "plddts": {
        "model_1": 90.39725167600893,
        "model_2": 91.44605406131404,
        "model_3": 90.03373176089359,
        "model_4": 89.73312203054401,
        "model_5": 88.53684593536545
    },
    "order": [
        "model_2",
        "model_1",
        "model_3",
        "model_4",
        "model_5"
    ]
}