{
    "features": 964.1249399185181,
    "process_features_model_1": 3.5143094062805176,
    "predict_and_compile_model_1": 207.26299047470093,
    "relax_model_1": 37.572299003601074,
    "process_features_model_2": 3.4507458209991455,
    "predict_and_compile_model_2": 188.77999448776245,
    "relax_model_2": 19.967012643814087,
    "process_features_model_3": 2.5978057384490967,
    "predict_and_compile_model_3": 173.68116736412048,
    "relax_model_3": 18.54752492904663,
    "process_features_model_4": 2.4954559803009033,
    "predict_and_compile_model_4": 168.87841391563416,
    "relax_model_4": 28.894485473632812,
    "process_features_model_5": 2.5684196949005127,
    "predict_and_compile_model_5": 144.84094619750977,
    "relax_model_5": 28.764957904815674
}