{
    "plddts": {
        "model_1": 86.85626953730552,
        "model_2": 86.43831904890328,
        "model_3": 87.69593037616985,
        "model_4": 88.0035506624087,
        "model_5": 89.89708119332481
    },
    "order": [
        "model_5",
        "model_4",
        "model_3",
        "model_1",
        "model_2"
    ]
}