{
    "features": 1009.0399994850159,
    "process_features_model_1": 4.1197264194488525,
    "predict_and_compile_model_1": 219.08407306671143,
    "relax_model_1": 112.27200055122375,
    "process_features_model_2": 4.108192443847656,
    "predict_and_compile_model_2": 200.43762230873108,
    "relax_model_2": 93.38959407806396,
    "process_features_model_3": 3.1600759029388428,
    "predict_and_compile_model_3": 144.79320120811462,
    "relax_model_3": 105.19336462020874,
    "process_features_model_4": 3.055450439453125,
    "predict_and_compile_model_4": 136.491783618927,
    "relax_model_4": 108.40386438369751,
    "process_features_model_5": 3.1375889778137207,
    "predict_and_compile_model_5": 130.6357765197754,
    "relax_model_5": 125.71442651748657
}