{
    "features": 894.7869555950165,
    "process_features_model_1": 3.5193052291870117,
    "predict_and_compile_model_1": 189.73730540275574,
    "relax_model_1": 35.28733515739441,
    "process_features_model_2": 3.340092658996582,
    "predict_and_compile_model_2": 174.91005873680115,
    "relax_model_2": 16.324721336364746,
    "process_features_model_3": 2.355443239212036,
    "predict_and_compile_model_3": 159.12228441238403,
    "relax_model_3": 15.409231901168823,
    "process_features_model_4": 2.518921375274658,
    "predict_and_compile_model_4": 154.3129289150238,
    "relax_model_4": 14.886049270629883,
    "process_features_model_5": 2.3234305381774902,
    "predict_and_compile_model_5": 143.38541460037231,
    "relax_model_5": 15.440825939178467
}