{
    "plddts": {
        "model_1": 76.62118376638558,
        "model_2": 77.67690989754546,
        "model_3": 83.01257613111733,
        "model_4": 81.77143816258445,
        "model_5": 74.83734047876263
    },
    "order": [
        "model_3",
        "model_4",
        "model_2",
        "model_1",
        "model_5"
    ]
}