{
    "features": 1016.1923027038574,
    "process_features_model_1": 3.7994484901428223,
    "predict_and_compile_model_1": 37.60269498825073,
    "relax_model_1": 215.17314457893372,
    "process_features_model_2": 3.441767692565918,
    "predict_and_compile_model_2": 32.134053230285645,
    "relax_model_2": 151.24025678634644,
    "process_features_model_3": 2.9288763999938965,
    "predict_and_compile_model_3": 35.47948217391968,
    "relax_model_3": 131.13919138908386,
    "process_features_model_4": 2.7032291889190674,
    "predict_and_compile_model_4": 35.409576177597046,
    "relax_model_4": 140.25058507919312,
    "process_features_model_5": 2.8532800674438477,
    "predict_and_compile_model_5": 30.394935846328735,
    "relax_model_5": 172.3187279701233
}