{
    "plddts": {
        "model_1": 88.32598674704187,
        "model_2": 88.27503148904339,
        "model_3": 88.75090255420176,
        "model_4": 88.64674904096286,
        "model_5": 88.781562512333
    },
    "order": [
        "model_5",
        "model_3",
        "model_4",
        "model_1",
        "model_2"
    ]
}