{
    "features": 850.8806834220886,
    "process_features_model_1_multimer": 4.696846008300781e-05,
    "predict_and_compile_model_1_multimer": 1082.8250274658203,
    "relax_model_1_multimer": 290.42714166641235,
    "process_features_model_2_multimer": 1.1920928955078125e-05,
    "predict_and_compile_model_2_multimer": 1823.4522240161896,
    "relax_model_2_multimer": 156.80730605125427,
    "process_features_model_3_multimer": 2.1696090698242188e-05,
    "predict_and_compile_model_3_multimer": 971.0076656341553,
    "relax_model_3_multimer": 183.27404522895813,
    "process_features_model_4_multimer": 1.0967254638671875e-05,
    "predict_and_compile_model_4_multimer": 1694.7854743003845,
    "relax_model_4_multimer": 239.55849194526672,
    "process_features_model_5_multimer": 5.4836273193359375e-06,
    "predict_and_compile_model_5_multimer": 1057.821557044983,
    "relax_model_5_multimer": 395.1912593841553
}