{
    "plddts": {
        "model_1": 88.97484685734281,
        "model_2": 89.20271549779902,
        "model_3": 89.38742789930541,
        "model_4": 88.05098204027857,
        "model_5": 88.269070415302
    },
    "order": [
        "model_3",
        "model_2",
        "model_1",
        "model_5",
        "model_4"
    ]
}