{
    "features": 870.1275205612183,
    "process_features_model_1": 2.218780279159546,
    "predict_and_compile_model_1": 160.198096036911,
    "relax_model_1": 23.535337686538696,
    "process_features_model_2": 2.1290090084075928,
    "predict_and_compile_model_2": 146.70010018348694,
    "relax_model_2": 19.335509061813354,
    "process_features_model_3": 1.644239902496338,
    "predict_and_compile_model_3": 118.12399792671204,
    "relax_model_3": 19.719638109207153,
    "process_features_model_4": 1.748783826828003,
    "predict_and_compile_model_4": 119.12910556793213,
    "relax_model_4": 19.543211221694946,
    "process_features_model_5": 1.7418522834777832,
    "predict_and_compile_model_5": 110.91685843467712,
    "relax_model_5": 20.410174131393433
}