{
    "features": 1007.4362640380859,
    "process_features_model_1": 3.853173017501831,
    "predict_and_compile_model_1": 183.78525471687317,
    "relax_model_1": 156.7851758003235,
    "process_features_model_2": 3.930105686187744,
    "predict_and_compile_model_2": 173.82196426391602,
    "relax_model_2": 143.06120014190674,
    "process_features_model_3": 2.8834125995635986,
    "predict_and_compile_model_3": 134.1060812473297,
    "relax_model_3": 122.72729659080505,
    "process_features_model_4": 2.938490867614746,
    "predict_and_compile_model_4": 129.99538660049438,
    "relax_model_4": 124.75297689437866,
    "process_features_model_5": 3.0311262607574463,
    "predict_and_compile_model_5": 127.12778806686401,
    "relax_model_5": 131.950923204422
}