{
    "plddts": {
        "model_1": 91.08224369813615,
        "model_2": 91.54835330771279,
        "model_3": 91.75389793540393,
        "model_4": 91.39531781545747,
        "model_5": 91.79113193819383
    },
    "order": [
        "model_5",
        "model_3",
        "model_2",
        "model_4",
        "model_1"
    ]
}