{
    "features": 1016.1249516010284,
    "process_features_model_1": 3.809422254562378,
    "predict_and_compile_model_1": 202.30790781974792,
    "relax_model_1": 183.68909740447998,
    "process_features_model_2": 3.953518867492676,
    "predict_and_compile_model_2": 203.3533420562744,
    "relax_model_2": 263.0365149974823,
    "process_features_model_3": 2.948122978210449,
    "predict_and_compile_model_3": 146.90544319152832,
    "relax_model_3": 137.2569522857666,
    "process_features_model_4": 2.8869524002075195,
    "predict_and_compile_model_4": 144.54196739196777,
    "relax_model_4": 152.98576760292053,
    "process_features_model_5": 2.9038898944854736,
    "predict_and_compile_model_5": 138.39232063293457,
    "relax_model_5": 144.26514506340027
}