{
    "features": 982.7559926509857,
    "process_features_model_1": 3.851217031478882,
    "predict_and_compile_model_1": 202.4544506072998,
    "relax_model_1": 142.41891932487488,
    "process_features_model_2": 4.023219347000122,
    "predict_and_compile_model_2": 202.82311391830444,
    "relax_model_2": 144.92923069000244,
    "process_features_model_3": 3.0382046699523926,
    "predict_and_compile_model_3": 140.4498782157898,
    "relax_model_3": 149.0714647769928,
    "process_features_model_4": 2.954230785369873,
    "predict_and_compile_model_4": 136.84397530555725,
    "relax_model_4": 137.94449758529663,
    "process_features_model_5": 2.8388454914093018,
    "predict_and_compile_model_5": 133.2503981590271,
    "relax_model_5": 157.2245213985443
}