{
    "iptm+ptm": {
        "model_1_multimer": 0.2933493820770847,
        "model_2_multimer": 0.28760389563118205,
        "model_3_multimer": 0.34224595735457114,
        "model_4_multimer": 0.25099505761865143,
        "model_5_multimer": 0.31795424924936727
    },
    "order": [
        "model_3_multimer",
        "model_5_multimer",
        "model_1_multimer",
        "model_2_multimer",
        "model_4_multimer"
    ]
}