{
    "features": 930.0379781723022,
    "process_features_model_1_multimer": 4.100799560546875e-05,
    "predict_and_compile_model_1_multimer": 3732.9404327869415,
    "relax_model_1_multimer": 3306.3461961746216,
    "process_features_model_2_multimer": 2.765655517578125e-05,
    "predict_and_compile_model_2_multimer": 4390.073731184006,
    "relax_model_2_multimer": 8769.57825922966,
    "process_features_model_3_multimer": 5.459785461425781e-05,
    "predict_and_compile_model_3_multimer": 2783.250060558319,
    "relax_model_3_multimer": 8622.171653985977,
    "process_features_model_4_multimer": 2.5272369384765625e-05,
    "predict_and_compile_model_4_multimer": 2147.159410715103,
    "relax_model_4_multimer": 15804.965943098068,
    "process_features_model_5_multimer": 3.266334533691406e-05,
    "predict_and_compile_model_5_multimer": 2885.323026895523,
    "relax_model_5_multimer": 20140.8740940094
}