{
    "features": 991.6013016700745,
    "process_features_model_1": 3.733383893966675,
    "predict_and_compile_model_1": 206.4668905735016,
    "relax_model_1": 226.0532102584839,
    "process_features_model_2": 3.6806490421295166,
    "predict_and_compile_model_2": 190.46784663200378,
    "relax_model_2": 208.81651306152344,
    "process_features_model_3": 2.8718862533569336,
    "predict_and_compile_model_3": 141.24745392799377,
    "relax_model_3": 240.67106533050537,
    "process_features_model_4": 2.7775347232818604,
    "predict_and_compile_model_4": 137.72391271591187,
    "relax_model_4": 250.9658761024475,
    "process_features_model_5": 2.9059226512908936,
    "predict_and_compile_model_5": 131.952965259552,
    "relax_model_5": 216.98209285736084
}