{
    "features": 951.1791224479675,
    "process_features_model_1": 2.8388593196868896,
    "predict_and_compile_model_1": 205.4835329055786,
    "relax_model_1": 223.01982998847961,
    "process_features_model_2": 2.859513998031616,
    "predict_and_compile_model_2": 189.14170742034912,
    "relax_model_2": 188.72618317604065,
    "process_features_model_3": 2.346979856491089,
    "predict_and_compile_model_3": 136.67738366127014,
    "relax_model_3": 211.99404311180115,
    "process_features_model_4": 2.2616121768951416,
    "predict_and_compile_model_4": 142.0831446647644,
    "relax_model_4": 169.06395363807678,
    "process_features_model_5": 2.2896499633789062,
    "predict_and_compile_model_5": 135.69897079467773,
    "relax_model_5": 202.97085881233215
}