{
    "plddts": {
        "model_1": 88.67631887301883,
        "model_2": 88.7957383717186,
        "model_3": 88.67000216643393,
        "model_4": 88.91096496527761,
        "model_5": 88.71460021646952
    },
    "order": [
        "model_4",
        "model_2",
        "model_5",
        "model_1",
        "model_3"
    ]
}