{
    "features": 1009.8756980895996,
    "process_features_model_1": 4.013880968093872,
    "predict_and_compile_model_1": 44.54886794090271,
    "relax_model_1": 398.10894107818604,
    "process_features_model_2": 3.8865842819213867,
    "predict_and_compile_model_2": 38.74596166610718,
    "relax_model_2": 185.40786933898926,
    "process_features_model_3": 2.9934942722320557,
    "predict_and_compile_model_3": 42.155221462249756,
    "relax_model_3": 290.676552772522,
    "process_features_model_4": 2.99583101272583,
    "predict_and_compile_model_4": 42.26528835296631,
    "relax_model_4": 176.28458094596863,
    "process_features_model_5": 2.996785879135132,
    "predict_and_compile_model_5": 36.38020873069763,
    "relax_model_5": 162.75461554527283
}