{
    "plddts": {
        "model_1": 65.15265622604056,
        "model_2": 74.26918312216603,
        "model_3": 78.90015662153968,
        "model_4": 65.86176219910642,
        "model_5": 61.8301733580316
    },
    "order": [
        "model_3",
        "model_2",
        "model_4",
        "model_1",
        "model_5"
    ]
}