{
    "features": 827.9251239299774,
    "process_features_model_1": 3.2542364597320557,
    "predict_and_compile_model_1": 198.61741089820862,
    "relax_model_1": 22.896633625030518,
    "process_features_model_2": 3.1274027824401855,
    "predict_and_compile_model_2": 177.3878026008606,
    "relax_model_2": 21.6448495388031,
    "process_features_model_3": 2.4144508838653564,
    "predict_and_compile_model_3": 144.96977734565735,
    "relax_model_3": 21.48708939552307,
    "process_features_model_4": 2.0666494369506836,
    "predict_and_compile_model_4": 151.420161485672,
    "relax_model_4": 14.763946533203125,
    "process_features_model_5": 2.3250746726989746,
    "predict_and_compile_model_5": 144.26349687576294,
    "relax_model_5": 13.36448073387146
}