{
    "plddts": {
        "model_1": 81.31500193690974,
        "model_2": 79.96655380227112,
        "model_3": 81.10258771396498,
        "model_4": 81.43025464675091,
        "model_5": 81.89139957920165
    },
    "order": [
        "model_5",
        "model_4",
        "model_1",
        "model_3",
        "model_2"
    ]
}