{
    "features": 877.7580034732819,
    "process_features_model_1": 2.557898759841919,
    "predict_and_compile_model_1": 161.11927723884583,
    "relax_model_1": 33.60836863517761,
    "process_features_model_2": 2.9179370403289795,
    "predict_and_compile_model_2": 170.96717858314514,
    "relax_model_2": 13.613290071487427,
    "process_features_model_3": 2.1739323139190674,
    "predict_and_compile_model_3": 151.42478561401367,
    "relax_model_3": 15.853697061538696,
    "process_features_model_4": 2.120224714279175,
    "predict_and_compile_model_4": 140.41367316246033,
    "relax_model_4": 14.12235426902771,
    "process_features_model_5": 2.111499309539795,
    "predict_and_compile_model_5": 128.9780240058899,
    "relax_model_5": 22.50539255142212
}