{
    "plddts": {
        "model_1": 85.54116653990036,
        "model_2": 85.5691530808674,
        "model_3": 86.28963704114064,
        "model_4": 85.6851248783866,
        "model_5": 84.87743902286559
    },
    "order": [
        "model_3",
        "model_4",
        "model_2",
        "model_1",
        "model_5"
    ]
}