{
    "features": 997.8683133125305,
    "process_features_model_1": 3.882049322128296,
    "predict_and_compile_model_1": 49.66337203979492,
    "relax_model_1": 190.37133359909058,
    "process_features_model_2": 3.871124267578125,
    "predict_and_compile_model_2": 43.31669068336487,
    "relax_model_2": 207.4317226409912,
    "process_features_model_3": 2.9647839069366455,
    "predict_and_compile_model_3": 47.186718225479126,
    "relax_model_3": 200.26988101005554,
    "process_features_model_4": 2.7670795917510986,
    "predict_and_compile_model_4": 47.253798723220825,
    "relax_model_4": 185.70021224021912,
    "process_features_model_5": 3.0742242336273193,
    "predict_and_compile_model_5": 40.57010841369629,
    "relax_model_5": 298.55792808532715
}