{
    "features": 1009.7304947376251,
    "process_features_model_1": 3.5335984230041504,
    "predict_and_compile_model_1": 196.62615132331848,
    "relax_model_1": 179.43043184280396,
    "process_features_model_2": 3.5742785930633545,
    "predict_and_compile_model_2": 187.06130266189575,
    "relax_model_2": 131.48295187950134,
    "process_features_model_3": 2.7572855949401855,
    "predict_and_compile_model_3": 141.77036356925964,
    "relax_model_3": 135.8233470916748,
    "process_features_model_4": 2.728753089904785,
    "predict_and_compile_model_4": 138.65558695793152,
    "relax_model_4": 125.10108041763306,
    "process_features_model_5": 2.7875678539276123,
    "predict_and_compile_model_5": 135.21244883537292,
    "relax_model_5": 198.7394049167633
}