{
    "plddts": {
        "model_1": 89.35575426401618,
        "model_2": 89.7508210173889,
        "model_3": 88.50585108646828,
        "model_4": 87.64756125429217,
        "model_5": 88.35124149466462
    },
    "order": [
        "model_2",
        "model_1",
        "model_3",
        "model_5",
        "model_4"
    ]
}