{
    "plddts": {
        "model_1": 88.8872724509139,
        "model_2": 88.82991953561242,
        "model_3": 90.14099892166519,
        "model_4": 89.94312033738946,
        "model_5": 89.72440299700784
    },
    "order": [
        "model_3",
        "model_4",
        "model_5",
        "model_1",
        "model_2"
    ]
}