{
    "plddts": {
        "model_1": 89.47838636223055,
        "model_2": 90.82239189047608,
        "model_3": 90.21380562731251,
        "model_4": 89.67143828048552,
        "model_5": 90.61878173579973
    },
    "order": [
        "model_2",
        "model_5",
        "model_3",
        "model_4",
        "model_1"
    ]
}