{
    "features": 886.6797194480896,
    "process_features_model_1": 3.175100803375244,
    "predict_and_compile_model_1": 172.04747653007507,
    "relax_model_1": 32.45442867279053,
    "process_features_model_2": 3.6548171043395996,
    "predict_and_compile_model_2": 157.84672617912292,
    "relax_model_2": 13.25667142868042,
    "process_features_model_3": 2.1794865131378174,
    "predict_and_compile_model_3": 135.51399040222168,
    "relax_model_3": 13.370410680770874,
    "process_features_model_4": 2.208794116973877,
    "predict_and_compile_model_4": 131.57230734825134,
    "relax_model_4": 14.398810863494873,
    "process_features_model_5": 2.0591819286346436,
    "predict_and_compile_model_5": 124.17186450958252,
    "relax_model_5": 12.943245887756348
}