{
    "features": 955.1704151630402,
    "process_features_model_1": 3.250235080718994,
    "predict_and_compile_model_1": 193.70219373703003,
    "relax_model_1": 34.99294304847717,
    "process_features_model_2": 3.033973217010498,
    "predict_and_compile_model_2": 181.2841010093689,
    "relax_model_2": 15.453155279159546,
    "process_features_model_3": 2.2522835731506348,
    "predict_and_compile_model_3": 161.75382614135742,
    "relax_model_3": 15.835158824920654,
    "process_features_model_4": 2.3026604652404785,
    "predict_and_compile_model_4": 155.36827445030212,
    "relax_model_4": 15.068076133728027,
    "process_features_model_5": 2.2837400436401367,
    "predict_and_compile_model_5": 145.0389063358307,
    "relax_model_5": 25.676272869110107
}