{
    "features": 950.5035088062286,
    "process_features_model_1": 2.8563966751098633,
    "predict_and_compile_model_1": 193.7817599773407,
    "relax_model_1": 23.68873953819275,
    "process_features_model_2": 2.8558294773101807,
    "predict_and_compile_model_2": 178.257741689682,
    "relax_model_2": 23.99535822868347,
    "process_features_model_3": 2.0751028060913086,
    "predict_and_compile_model_3": 143.29494619369507,
    "relax_model_3": 24.866706132888794,
    "process_features_model_4": 2.088789463043213,
    "predict_and_compile_model_4": 142.64885115623474,
    "relax_model_4": 23.51926064491272,
    "process_features_model_5": 2.17289662361145,
    "predict_and_compile_model_5": 145.63079977035522,
    "relax_model_5": 13.991135597229004
}