{
    "plddts": {
        "model_1": 91.73820410499665,
        "model_2": 92.115603843456,
        "model_3": 91.5085108430612,
        "model_4": 91.55766883426755,
        "model_5": 91.79625412488912
    },
    "order": [
        "model_2",
        "model_5",
        "model_1",
        "model_4",
        "model_3"
    ]
}