{
    "features": 995.9408388137817,
    "process_features_model_1": 3.811739683151245,
    "predict_and_compile_model_1": 35.89008593559265,
    "relax_model_1": 140.94793057441711,
    "process_features_model_2": 3.90177059173584,
    "predict_and_compile_model_2": 30.950541257858276,
    "relax_model_2": 144.2525405883789,
    "process_features_model_3": 3.0247743129730225,
    "predict_and_compile_model_3": 34.060699701309204,
    "relax_model_3": 140.1119613647461,
    "process_features_model_4": 2.687032461166382,
    "predict_and_compile_model_4": 34.030065298080444,
    "relax_model_4": 126.4301323890686,
    "process_features_model_5": 3.0328893661499023,
    "predict_and_compile_model_5": 29.07182765007019,
    "relax_model_5": 139.97358322143555
}