{
    "plddts": {
        "model_1": 85.99639494679711,
        "model_2": 87.5704156549904,
        "model_3": 87.29621789979697,
        "model_4": 86.50172685526705,
        "model_5": 87.17913485875874
    },
    "order": [
        "model_2",
        "model_3",
        "model_5",
        "model_4",
        "model_1"
    ]
}