{
    "plddts": {
        "model_1": 89.17589302858497,
        "model_2": 88.29349669071213,
        "model_3": 87.76164798237481,
        "model_4": 89.80842447092631,
        "model_5": 90.22061153246494
    },
    "order": [
        "model_5",
        "model_4",
        "model_1",
        "model_2",
        "model_3"
    ]
}