{
    "features": 878.9519166946411,
    "process_features_model_1_multimer": 2.4080276489257812e-05,
    "predict_and_compile_model_1_multimer": 1394.3734562397003,
    "relax_model_1_multimer": 1129.3198306560516,
    "process_features_model_2_multimer": 6.67572021484375e-06,
    "predict_and_compile_model_2_multimer": 2260.1696326732635,
    "relax_model_2_multimer": 1063.0772035121918,
    "process_features_model_3_multimer": 1.71661376953125e-05,
    "predict_and_compile_model_3_multimer": 2296.2028539180756,
    "relax_model_3_multimer": 1112.130740404129,
    "process_features_model_4_multimer": 1.811981201171875e-05,
    "predict_and_compile_model_4_multimer": 1563.4349365234375,
    "relax_model_4_multimer": 1857.2359046936035,
    "process_features_model_5_multimer": 2.0265579223632812e-05,
    "predict_and_compile_model_5_multimer": 2584.111278772354,
    "relax_model_5_multimer": 1831.1162323951721
}