{
    "features": 983.8751964569092,
    "process_features_model_1": 3.8188204765319824,
    "predict_and_compile_model_1": 212.87477827072144,
    "relax_model_1": 210.90593028068542,
    "process_features_model_2": 3.720048189163208,
    "predict_and_compile_model_2": 194.77433037757874,
    "relax_model_2": 186.5521171092987,
    "process_features_model_3": 2.850665330886841,
    "predict_and_compile_model_3": 138.0569133758545,
    "relax_model_3": 199.55354285240173,
    "process_features_model_4": 2.784938097000122,
    "predict_and_compile_model_4": 134.8461139202118,
    "relax_model_4": 187.11065673828125,
    "process_features_model_5": 2.925816774368286,
    "predict_and_compile_model_5": 130.0026888847351,
    "relax_model_5": 178.21099400520325
}