{
    "features": 1008.9737017154694,
    "process_features_model_1": 3.886111259460449,
    "predict_and_compile_model_1": 224.858726978302,
    "relax_model_1": 180.34083318710327,
    "process_features_model_2": 3.740232467651367,
    "predict_and_compile_model_2": 201.45086884498596,
    "relax_model_2": 183.38294291496277,
    "process_features_model_3": 3.0608716011047363,
    "predict_and_compile_model_3": 142.28421330451965,
    "relax_model_3": 185.57431197166443,
    "process_features_model_4": 3.020155668258667,
    "predict_and_compile_model_4": 138.66363525390625,
    "relax_model_4": 197.61475777626038,
    "process_features_model_5": 2.992509603500366,
    "predict_and_compile_model_5": 134.01744318008423,
    "relax_model_5": 179.5438916683197
}