{
    "plddts": {
        "model_1": 82.84203453266379,
        "model_2": 82.86283223976005,
        "model_3": 82.02508369894379,
        "model_4": 81.7525373376561,
        "model_5": 81.94557670722492
    },
    "order": [
        "model_2",
        "model_1",
        "model_3",
        "model_5",
        "model_4"
    ]
}