{
    "plddts": {
        "model_1": 86.17090441697518,
        "model_2": 84.95271646650254,
        "model_3": 84.54962701088363,
        "model_4": 84.9268801139127,
        "model_5": 85.13514853855727
    },
    "order": [
        "model_1",
        "model_5",
        "model_2",
        "model_4",
        "model_3"
    ]
}