{
    "features": 989.0136296749115,
    "process_features_model_1": 3.6047141551971436,
    "predict_and_compile_model_1": 41.62378644943237,
    "relax_model_1": 157.67333602905273,
    "process_features_model_2": 3.773160696029663,
    "predict_and_compile_model_2": 35.8091938495636,
    "relax_model_2": 163.94007205963135,
    "process_features_model_3": 2.8472399711608887,
    "predict_and_compile_model_3": 39.2521390914917,
    "relax_model_3": 156.1352722644806,
    "process_features_model_4": 2.6622824668884277,
    "predict_and_compile_model_4": 39.39185094833374,
    "relax_model_4": 145.61535573005676,
    "process_features_model_5": 2.8442747592926025,
    "predict_and_compile_model_5": 33.529035806655884,
    "relax_model_5": 198.48937106132507
}