{
    "plddts": {
        "model_1": 90.95312040001464,
        "model_2": 91.79099087440488,
        "model_3": 92.52073665939443,
        "model_4": 92.42161125876792,
        "model_5": 89.9560566616968
    },
    "order": [
        "model_3",
        "model_4",
        "model_2",
        "model_1",
        "model_5"
    ]
}