{
    "features": 947.3056170940399,
    "process_features_model_1": 3.287501335144043,
    "predict_and_compile_model_1": 197.64084911346436,
    "relax_model_1": 167.98202204704285,
    "process_features_model_2": 3.279106855392456,
    "predict_and_compile_model_2": 186.7714250087738,
    "relax_model_2": 176.66159987449646,
    "process_features_model_3": 2.5164732933044434,
    "predict_and_compile_model_3": 142.89715719223022,
    "relax_model_3": 154.6984567642212,
    "process_features_model_4": 2.5424396991729736,
    "predict_and_compile_model_4": 131.59776043891907,
    "relax_model_4": 173.9787847995758,
    "process_features_model_5": 2.740509033203125,
    "predict_and_compile_model_5": 126.75659346580505,
    "relax_model_5": 222.70747113227844
}