{
    "features": 999.4487371444702,
    "process_features_model_1": 3.722508430480957,
    "predict_and_compile_model_1": 43.73261594772339,
    "relax_model_1": 191.41982507705688,
    "process_features_model_2": 3.5359485149383545,
    "predict_and_compile_model_2": 38.08667993545532,
    "relax_model_2": 185.96517825126648,
    "process_features_model_3": 2.80065655708313,
    "predict_and_compile_model_3": 41.546156883239746,
    "relax_model_3": 175.06054520606995,
    "process_features_model_4": 2.7594215869903564,
    "predict_and_compile_model_4": 41.51118516921997,
    "relax_model_4": 217.6994137763977,
    "process_features_model_5": 2.828477382659912,
    "predict_and_compile_model_5": 35.69921851158142,
    "relax_model_5": 198.25698566436768
}