{
    "plddts": {
        "model_1": 80.92798555651886,
        "model_2": 79.52633086973988,
        "model_3": 82.31837247452111,
        "model_4": 81.32722258023912,
        "model_5": 78.18131355289033
    },
    "order": [
        "model_3",
        "model_4",
        "model_1",
        "model_2",
        "model_5"
    ]
}