{
    "plddts": {
        "model_1": 76.06386882069285,
        "model_2": 73.66734190993407,
        "model_3": 75.97371072685718,
        "model_4": 74.99826668617918,
        "model_5": 74.38299788888357
    },
    "order": [
        "model_1",
        "model_3",
        "model_4",
        "model_5",
        "model_2"
    ]
}