{
    "plddts": {
        "model_1": 91.986210896625,
        "model_2": 92.52830107333732,
        "model_3": 92.41198730593361,
        "model_4": 92.17414668984958,
        "model_5": 91.86599045734361
    },
    "order": [
        "model_2",
        "model_3",
        "model_4",
        "model_1",
        "model_5"
    ]
}