{
    "features": 1004.9000709056854,
    "process_features_model_1": 3.737433671951294,
    "predict_and_compile_model_1": 34.56063485145569,
    "relax_model_1": 161.16818380355835,
    "process_features_model_2": 3.8626580238342285,
    "predict_and_compile_model_2": 29.608678817749023,
    "relax_model_2": 140.4768829345703,
    "process_features_model_3": 2.8419954776763916,
    "predict_and_compile_model_3": 32.827338457107544,
    "relax_model_3": 139.20804071426392,
    "process_features_model_4": 2.91522216796875,
    "predict_and_compile_model_4": 32.85634994506836,
    "relax_model_4": 149.9347836971283,
    "process_features_model_5": 3.062946081161499,
    "predict_and_compile_model_5": 28.165854692459106,
    "relax_model_5": 179.26291489601135
}