{
    "features": 1025.5221736431122,
    "process_features_model_1": 3.752690553665161,
    "predict_and_compile_model_1": 44.257728576660156,
    "relax_model_1": 199.66727757453918,
    "process_features_model_2": 4.2008161544799805,
    "predict_and_compile_model_2": 37.97960805892944,
    "relax_model_2": 178.15122890472412,
    "process_features_model_3": 3.1584253311157227,
    "predict_and_compile_model_3": 41.644449949264526,
    "relax_model_3": 199.4730327129364,
    "process_features_model_4": 3.285710334777832,
    "predict_and_compile_model_4": 41.791786670684814,
    "relax_model_4": 210.12405443191528,
    "process_features_model_5": 3.2551627159118652,
    "predict_and_compile_model_5": 35.69169783592224,
    "relax_model_5": 181.1301510334015
}