{
    "plddts": {
        "model_1": 45.27276088177604,
        "model_2": 41.426360179302506,
        "model_3": 48.73627750542319,
        "model_4": 46.85124647219337,
        "model_5": 45.035160048132965
    },
    "order": [
        "model_3",
        "model_4",
        "model_1",
        "model_5",
        "model_2"
    ]
}