{
    "plddts": {
        "model_1": 88.29130137838068,
        "model_2": 87.72043775720442,
        "model_3": 89.55530639249635,
        "model_4": 86.76128733472143,
        "model_5": 89.23895510920096
    },
    "order": [
        "model_3",
        "model_5",
        "model_1",
        "model_2",
        "model_4"
    ]
}