{
    "plddts": {
        "model_1": 86.66971548815874,
        "model_2": 86.40283023038675,
        "model_3": 84.96729808472955,
        "model_4": 86.22340461480312,
        "model_5": 84.70254539379819
    },
    "order": [
        "model_1",
        "model_2",
        "model_4",
        "model_3",
        "model_5"
    ]
}