{
    "features": 1006.1106972694397,
    "process_features_model_1": 3.9010281562805176,
    "predict_and_compile_model_1": 192.09108233451843,
    "relax_model_1": 189.6202154159546,
    "process_features_model_2": 3.9505248069763184,
    "predict_and_compile_model_2": 184.3709261417389,
    "relax_model_2": 166.28820705413818,
    "process_features_model_3": 2.9909353256225586,
    "predict_and_compile_model_3": 142.87814855575562,
    "relax_model_3": 157.87055325508118,
    "process_features_model_4": 3.0575051307678223,
    "predict_and_compile_model_4": 138.87152695655823,
    "relax_model_4": 140.36462354660034,
    "process_features_model_5": 2.9677622318267822,
    "predict_and_compile_model_5": 133.067857503891,
    "relax_model_5": 176.1157341003418
}