{
    "plddts": {
        "model_1": 84.18167605020906,
        "model_2": 84.72414332524264,
        "model_3": 85.83684674387618,
        "model_4": 85.42838958487069,
        "model_5": 84.63354676866837
    },
    "order": [
        "model_3",
        "model_4",
        "model_2",
        "model_5",
        "model_1"
    ]
}