{
    "plddts": {
        "model_1": 86.8990219960497,
        "model_2": 87.44535255772755,
        "model_3": 87.4162208184401,
        "model_4": 88.16510950383082,
        "model_5": 87.51194198686939
    },
    "order": [
        "model_4",
        "model_5",
        "model_2",
        "model_3",
        "model_1"
    ]
}