{
    "features": 937.6171815395355,
    "process_features_model_1": 3.496659278869629,
    "predict_and_compile_model_1": 207.0162055492401,
    "relax_model_1": 25.516332626342773,
    "process_features_model_2": 2.9528918266296387,
    "predict_and_compile_model_2": 204.97129464149475,
    "relax_model_2": 16.261608362197876,
    "process_features_model_3": 2.3403141498565674,
    "predict_and_compile_model_3": 173.7552366256714,
    "relax_model_3": 16.544187307357788,
    "process_features_model_4": 2.4304449558258057,
    "predict_and_compile_model_4": 246.63479137420654,
    "relax_model_4": 17.056211709976196,
    "process_features_model_5": 2.187084913253784,
    "predict_and_compile_model_5": 250.15237474441528,
    "relax_model_5": 24.371853828430176
}