{
    "plddts": {
        "model_1": 80.181159266049,
        "model_2": 83.47064894899626,
        "model_3": 83.16267274420836,
        "model_4": 83.3211577645351,
        "model_5": 79.87619954492384
    },
    "order": [
        "model_2",
        "model_4",
        "model_3",
        "model_1",
        "model_5"
    ]
}