{
    "features": 981.0967533588409,
    "process_features_model_1": 3.16072416305542,
    "predict_and_compile_model_1": 194.43006944656372,
    "relax_model_1": 187.9231939315796,
    "process_features_model_2": 3.272024393081665,
    "predict_and_compile_model_2": 184.09316515922546,
    "relax_model_2": 163.45706844329834,
    "process_features_model_3": 2.489664316177368,
    "predict_and_compile_model_3": 133.69450783729553,
    "relax_model_3": 164.9082052707672,
    "process_features_model_4": 2.551337718963623,
    "predict_and_compile_model_4": 130.72400093078613,
    "relax_model_4": 164.4860405921936,
    "process_features_model_5": 2.4861958026885986,
    "predict_and_compile_model_5": 134.04609513282776,
    "relax_model_5": 154.06380105018616
}