{
    "features": 1015.7967164516449,
    "process_features_model_1": 3.874081611633301,
    "predict_and_compile_model_1": 211.57713627815247,
    "relax_model_1": 209.66245365142822,
    "process_features_model_2": 3.8616251945495605,
    "predict_and_compile_model_2": 195.69877862930298,
    "relax_model_2": 168.16016912460327,
    "process_features_model_3": 2.9377222061157227,
    "predict_and_compile_model_3": 134.5818314552307,
    "relax_model_3": 162.14771485328674,
    "process_features_model_4": 2.907470941543579,
    "predict_and_compile_model_4": 131.05942392349243,
    "relax_model_4": 172.9596869945526,
    "process_features_model_5": 3.000091552734375,
    "predict_and_compile_model_5": 138.3264663219452,
    "relax_model_5": 157.26596403121948
}