{
    "plddts": {
        "model_1": 87.16589897431889,
        "model_2": 86.50424098323465,
        "model_3": 84.41984314476744,
        "model_4": 85.44543513108034,
        "model_5": 85.00833500085552
    },
    "order": [
        "model_1",
        "model_2",
        "model_4",
        "model_5",
        "model_3"
    ]
}