{
    "features": 1016.9353921413422,
    "process_features_model_1": 3.9871773719787598,
    "predict_and_compile_model_1": 211.36520552635193,
    "relax_model_1": 144.69312715530396,
    "process_features_model_2": 4.053394794464111,
    "predict_and_compile_model_2": 187.90470099449158,
    "relax_model_2": 127.74362587928772,
    "process_features_model_3": 3.1210503578186035,
    "predict_and_compile_model_3": 145.97811627388,
    "relax_model_3": 125.7518858909607,
    "process_features_model_4": 3.0854039192199707,
    "predict_and_compile_model_4": 137.71960973739624,
    "relax_model_4": 161.2108006477356,
    "process_features_model_5": 2.988774538040161,
    "predict_and_compile_model_5": 134.19270610809326,
    "relax_model_5": 129.80661129951477
}