{
    "iptm+ptm": {
        "model_1_multimer": 0.6531112042225025,
        "model_2_multimer": 0.4934313715674766,
        "model_3_multimer": 0.6582753550149713,
        "model_4_multimer": 0.36488647181671563,
        "model_5_multimer": 0.6010455520017198
    },
    "order": [
        "model_3_multimer",
        "model_1_multimer",
        "model_5_multimer",
        "model_2_multimer",
        "model_4_multimer"
    ]
}