{
    "features": 967.024352312088,
    "process_features_model_1_multimer": 3.3855438232421875e-05,
    "predict_and_compile_model_1_multimer": 1432.5627450942993,
    "relax_model_1_multimer": 75.26668643951416,
    "process_features_model_2_multimer": 5.245208740234375e-06,
    "predict_and_compile_model_2_multimer": 938.201105594635,
    "relax_model_2_multimer": 58.45265865325928,
    "process_features_model_3_multimer": 5.4836273193359375e-06,
    "predict_and_compile_model_3_multimer": 1097.2480773925781,
    "relax_model_3_multimer": 66.90467166900635,
    "process_features_model_4_multimer": 5.9604644775390625e-06,
    "predict_and_compile_model_4_multimer": 521.3194317817688,
    "relax_model_4_multimer": 182.70067739486694,
    "process_features_model_5_multimer": 5.0067901611328125e-06,
    "predict_and_compile_model_5_multimer": 542.6380207538605,
    "relax_model_5_multimer": 92.85398578643799
}