{
    "plddts": {
        "model_1": 91.75291589816567,
        "model_2": 90.28134222778421,
        "model_3": 91.27973193842953,
        "model_4": 91.31149362614198,
        "model_5": 90.1960113572818
    },
    "order": [
        "model_1",
        "model_4",
        "model_3",
        "model_2",
        "model_5"
    ]
}