{
    "features": 999.7882926464081,
    "process_features_model_1": 3.981779098510742,
    "predict_and_compile_model_1": 209.9529790878296,
    "relax_model_1": 151.22314929962158,
    "process_features_model_2": 4.021554231643677,
    "predict_and_compile_model_2": 202.18293023109436,
    "relax_model_2": 175.93031859397888,
    "process_features_model_3": 3.1476492881774902,
    "predict_and_compile_model_3": 146.3733835220337,
    "relax_model_3": 225.86134004592896,
    "process_features_model_4": 2.9220709800720215,
    "predict_and_compile_model_4": 142.9817395210266,
    "relax_model_4": 151.01195764541626,
    "process_features_model_5": 2.8890552520751953,
    "predict_and_compile_model_5": 137.78221440315247,
    "relax_model_5": 189.05713176727295
}