{
    "plddts": {
        "model_1": 84.15228103555367,
        "model_2": 84.47524269036923,
        "model_3": 85.18059804474683,
        "model_4": 83.90126965776207,
        "model_5": 83.24059073617846
    },
    "order": [
        "model_3",
        "model_2",
        "model_1",
        "model_4",
        "model_5"
    ]
}