{
    "features": 990.2055914402008,
    "process_features_model_1": 3.8899130821228027,
    "predict_and_compile_model_1": 218.56857895851135,
    "relax_model_1": 208.24640727043152,
    "process_features_model_2": 3.774836778640747,
    "predict_and_compile_model_2": 202.45342326164246,
    "relax_model_2": 190.64018201828003,
    "process_features_model_3": 2.8817567825317383,
    "predict_and_compile_model_3": 143.5972158908844,
    "relax_model_3": 194.1743724346161,
    "process_features_model_4": 2.899334192276001,
    "predict_and_compile_model_4": 141.0923776626587,
    "relax_model_4": 187.94858407974243,
    "process_features_model_5": 2.9419023990631104,
    "predict_and_compile_model_5": 146.88374853134155,
    "relax_model_5": 263.0532946586609
}