{
    "plddts": {
        "model_1": 91.0151523288345,
        "model_2": 90.91670717370873,
        "model_3": 91.66448530669032,
        "model_4": 90.81718054232417,
        "model_5": 91.09989641779374
    },
    "order": [
        "model_3",
        "model_5",
        "model_1",
        "model_2",
        "model_4"
    ]
}