{
    "plddts": {
        "model_1": 58.61180452883552,
        "model_2": 60.44793367629209,
        "model_3": 56.44631288657009,
        "model_4": 59.760458357924975,
        "model_5": 58.4163434678614
    },
    "order": [
        "model_2",
        "model_4",
        "model_1",
        "model_5",
        "model_3"
    ]
}