{
    "plddts": {
        "model_1": 89.10682761908866,
        "model_2": 90.58636725733528,
        "model_3": 90.15644310342671,
        "model_4": 89.09408038404199,
        "model_5": 90.43223840695762
    },
    "order": [
        "model_2",
        "model_5",
        "model_3",
        "model_1",
        "model_4"
    ]
}