{
    "features": 1008.6193046569824,
    "process_features_model_1": 3.9831526279449463,
    "predict_and_compile_model_1": 227.9419720172882,
    "relax_model_1": 269.6678695678711,
    "process_features_model_2": 3.9104321002960205,
    "predict_and_compile_model_2": 211.7749125957489,
    "relax_model_2": 268.12698101997375,
    "process_features_model_3": 3.031165361404419,
    "predict_and_compile_model_3": 156.6634497642517,
    "relax_model_3": 255.48962450027466,
    "process_features_model_4": 2.9711594581604004,
    "predict_and_compile_model_4": 163.8436541557312,
    "relax_model_4": 250.5497920513153,
    "process_features_model_5": 2.9999783039093018,
    "predict_and_compile_model_5": 157.24634981155396,
    "relax_model_5": 252.3253390789032
}