{
    "plddts": {
        "model_1": 85.81474547321274,
        "model_2": 83.89216518862996,
        "model_3": 82.21491967197142,
        "model_4": 80.62562583387754,
        "model_5": 77.56684138814282
    },
    "order": [
        "model_1",
        "model_2",
        "model_3",
        "model_4",
        "model_5"
    ]
}