{
    "features": 980.7766089439392,
    "process_features_model_1": 4.09514307975769,
    "predict_and_compile_model_1": 297.34596276283264,
    "relax_model_1": 164.6488811969757,
    "process_features_model_2": 2.0238914489746094,
    "predict_and_compile_model_2": 172.61305737495422,
    "relax_model_2": 154.084778547287,
    "process_features_model_3": 1.7328901290893555,
    "predict_and_compile_model_3": 127.62887454032898,
    "relax_model_3": 153.4393961429596,
    "process_features_model_4": 1.841521978378296,
    "predict_and_compile_model_4": 130.9740207195282,
    "relax_model_4": 142.59636330604553,
    "process_features_model_5": 1.8837339878082275,
    "predict_and_compile_model_5": 125.47642040252686,
    "relax_model_5": 173.89283061027527
}