{
    "features": 905.9695267677307,
    "process_features_model_1": 3.063868522644043,
    "predict_and_compile_model_1": 461.6273512840271,
    "relax_model_1": 30.047935247421265,
    "process_features_model_2": 2.9481422901153564,
    "predict_and_compile_model_2": 272.1628587245941,
    "relax_model_2": 21.169857025146484,
    "process_features_model_3": 2.196563720703125,
    "predict_and_compile_model_3": 290.1407153606415,
    "relax_model_3": 21.162841796875,
    "process_features_model_4": 2.23201847076416,
    "predict_and_compile_model_4": 262.6396415233612,
    "relax_model_4": 28.955971240997314,
    "process_features_model_5": 2.193822145462036,
    "predict_and_compile_model_5": 173.1950798034668,
    "relax_model_5": 25.96720314025879
}