{
    "features": 948.5043861865997,
    "process_features_model_1": 3.3107259273529053,
    "predict_and_compile_model_1": 204.67708921432495,
    "relax_model_1": 34.435068130493164,
    "process_features_model_2": 3.1377832889556885,
    "predict_and_compile_model_2": 188.5246262550354,
    "relax_model_2": 24.359220027923584,
    "process_features_model_3": 2.2844741344451904,
    "predict_and_compile_model_3": 159.21882033348083,
    "relax_model_3": 25.79318118095398,
    "process_features_model_4": 2.142021894454956,
    "predict_and_compile_model_4": 152.8720133304596,
    "relax_model_4": 24.1944420337677,
    "process_features_model_5": 2.187918186187744,
    "predict_and_compile_model_5": 155.05420422554016,
    "relax_model_5": 15.463557243347168
}