{
    "plddts": {
        "model_1": 90.5916977454904,
        "model_2": 88.89688203219104,
        "model_3": 89.21835115456305,
        "model_4": 89.99480657358941,
        "model_5": 87.81817905843374
    },
    "order": [
        "model_1",
        "model_4",
        "model_3",
        "model_2",
        "model_5"
    ]
}