{
    "features": 1010.6333050727844,
    "process_features_model_1": 3.8099026679992676,
    "predict_and_compile_model_1": 202.0934021472931,
    "relax_model_1": 179.25443983078003,
    "process_features_model_2": 3.6980998516082764,
    "predict_and_compile_model_2": 194.0229034423828,
    "relax_model_2": 157.76192593574524,
    "process_features_model_3": 2.903210163116455,
    "predict_and_compile_model_3": 143.18940806388855,
    "relax_model_3": 149.1322832107544,
    "process_features_model_4": 2.9297964572906494,
    "predict_and_compile_model_4": 140.6395444869995,
    "relax_model_4": 138.89013004302979,
    "process_features_model_5": 2.989210605621338,
    "predict_and_compile_model_5": 136.23817038536072,
    "relax_model_5": 144.69281315803528
}