{
    "plddts": {
        "model_1": 89.68208293194539,
        "model_2": 89.85598732602061,
        "model_3": 89.85673043811876,
        "model_4": 90.18272713878078,
        "model_5": 90.4508429144118
    },
    "order": [
        "model_5",
        "model_4",
        "model_3",
        "model_2",
        "model_1"
    ]
}