{
    "features": 1005.4508881568909,
    "process_features_model_1": 3.450049877166748,
    "predict_and_compile_model_1": 192.24096179008484,
    "relax_model_1": 141.2046594619751,
    "process_features_model_2": 3.617417812347412,
    "predict_and_compile_model_2": 183.73264336585999,
    "relax_model_2": 135.2745656967163,
    "process_features_model_3": 2.881042003631592,
    "predict_and_compile_model_3": 128.95905542373657,
    "relax_model_3": 126.48090839385986,
    "process_features_model_4": 2.884171962738037,
    "predict_and_compile_model_4": 126.67187166213989,
    "relax_model_4": 124.99957609176636,
    "process_features_model_5": 2.885648250579834,
    "predict_and_compile_model_5": 122.94302535057068,
    "relax_model_5": 126.54084157943726
}