{
    "features": 927.6043386459351,
    "process_features_model_1": 3.1908326148986816,
    "predict_and_compile_model_1": 74.38243699073792,
    "relax_model_1": 19.065853595733643,
    "process_features_model_2": 2.6867802143096924,
    "predict_and_compile_model_2": 64.85148787498474,
    "relax_model_2": 25.29635715484619,
    "process_features_model_3": 2.103376626968384,
    "predict_and_compile_model_3": 71.54921221733093,
    "relax_model_3": 24.5319242477417,
    "process_features_model_4": 2.1376523971557617,
    "predict_and_compile_model_4": 71.52995681762695,
    "relax_model_4": 15.70209264755249,
    "process_features_model_5": 2.0888278484344482,
    "predict_and_compile_model_5": 62.073569536209106,
    "relax_model_5": 24.92483353614807
}