{
    "plddts": {
        "model_1": 83.90511255747425,
        "model_2": 67.5525522375497,
        "model_3": 76.89172888491228,
        "model_4": 78.57098015432457,
        "model_5": 80.45568499480261
    },
    "order": [
        "model_1",
        "model_5",
        "model_4",
        "model_3",
        "model_2"
    ]
}