{
    "plddts": {
        "model_1": 63.72684923250389,
        "model_2": 67.67463498969022,
        "model_3": 59.368928507587555,
        "model_4": 64.85310909897352,
        "model_5": 63.065122763464466
    },
    "order": [
        "model_2",
        "model_4",
        "model_1",
        "model_5",
        "model_3"
    ]
}