{
    "features": 1009.4802129268646,
    "process_features_model_1": 4.04544472694397,
    "predict_and_compile_model_1": 208.05149388313293,
    "relax_model_1": 78.89259719848633,
    "process_features_model_2": 4.242366313934326,
    "predict_and_compile_model_2": 185.76081657409668,
    "relax_model_2": 59.32450270652771,
    "process_features_model_3": 2.944990396499634,
    "predict_and_compile_model_3": 134.40596413612366,
    "relax_model_3": 57.72235894203186,
    "process_features_model_4": 2.9509246349334717,
    "predict_and_compile_model_4": 129.18859028816223,
    "relax_model_4": 65.80927014350891,
    "process_features_model_5": 2.9103081226348877,
    "predict_and_compile_model_5": 113.9314169883728,
    "relax_model_5": 87.6788682937622
}