{
    "plddts": {
        "model_1": 74.0870157142293,
        "model_2": 72.62302252637586,
        "model_3": 71.31995328222708,
        "model_4": 72.78409839132634,
        "model_5": 71.80952914494526
    },
    "order": [
        "model_1",
        "model_4",
        "model_2",
        "model_5",
        "model_3"
    ]
}