{
    "features": 943.6740200519562,
    "process_features_model_1": 2.692546844482422,
    "predict_and_compile_model_1": 185.29337000846863,
    "relax_model_1": 145.53737497329712,
    "process_features_model_2": 2.6451683044433594,
    "predict_and_compile_model_2": 172.85766005516052,
    "relax_model_2": 138.57023930549622,
    "process_features_model_3": 2.1209464073181152,
    "predict_and_compile_model_3": 122.27349376678467,
    "relax_model_3": 125.41724872589111,
    "process_features_model_4": 2.1571617126464844,
    "predict_and_compile_model_4": 127.64089131355286,
    "relax_model_4": 126.73017644882202,
    "process_features_model_5": 2.1666111946105957,
    "predict_and_compile_model_5": 124.62717032432556,
    "relax_model_5": 123.5166540145874
}