{
    "plddts": {
        "model_1": 65.11161761126912,
        "model_2": 70.21749224721546,
        "model_3": 78.43833811589771,
        "model_4": 74.28810329916762,
        "model_5": 72.38780593560217
    },
    "order": [
        "model_3",
        "model_4",
        "model_5",
        "model_2",
        "model_1"
    ]
}