{
    "features": 913.7736625671387,
    "process_features_model_1": 3.032989978790283,
    "predict_and_compile_model_1": 81.90120673179626,
    "relax_model_1": 19.004851818084717,
    "process_features_model_2": 2.799164295196533,
    "predict_and_compile_model_2": 71.60992097854614,
    "relax_model_2": 25.34456729888916,
    "process_features_model_3": 2.0918235778808594,
    "predict_and_compile_model_3": 78.84154868125916,
    "relax_model_3": 24.128461599349976,
    "process_features_model_4": 2.2195980548858643,
    "predict_and_compile_model_4": 78.8598165512085,
    "relax_model_4": 15.180610656738281,
    "process_features_model_5": 2.1120078563690186,
    "predict_and_compile_model_5": 68.42270255088806,
    "relax_model_5": 24.54270076751709
}