{
    "features": 900.1856217384338,
    "process_features_model_1": 3.0023598670959473,
    "predict_and_compile_model_1": 163.13898158073425,
    "relax_model_1": 28.2048819065094,
    "process_features_model_2": 2.9757161140441895,
    "predict_and_compile_model_2": 153.00144362449646,
    "relax_model_2": 11.715609788894653,
    "process_features_model_3": 2.17970609664917,
    "predict_and_compile_model_3": 134.39354348182678,
    "relax_model_3": 12.144738674163818,
    "process_features_model_4": 2.0964901447296143,
    "predict_and_compile_model_4": 129.18163657188416,
    "relax_model_4": 20.104774951934814,
    "process_features_model_5": 2.1404953002929688,
    "predict_and_compile_model_5": 110.54394245147705,
    "relax_model_5": 19.7056941986084
}