{
    "plddts": {
        "model_1": 81.45618620597254,
        "model_2": 78.45264012740981,
        "model_3": 81.30460783802874,
        "model_4": 78.80285009867224,
        "model_5": 81.84488931751717
    },
    "order": [
        "model_5",
        "model_1",
        "model_3",
        "model_4",
        "model_2"
    ]
}