{
    "iptm+ptm": {
        "model_1_multimer": 0.4078258418582717,
        "model_2_multimer": 0.30767532276257936,
        "model_3_multimer": 0.37078478461283504,
        "model_4_multimer": 0.1935287929223889,
        "model_5_multimer": 0.5419144203184326
    },
    "order": [
        "model_5_multimer",
        "model_1_multimer",
        "model_3_multimer",
        "model_2_multimer",
        "model_4_multimer"
    ]
}