{
    "features": 834.9111757278442,
    "process_features_model_1_multimer": 3.2901763916015625e-05,
    "predict_and_compile_model_1_multimer": 400.98286175727844,
    "relax_model_1_multimer": 88.91938161849976,
    "process_features_model_2_multimer": 1.8358230590820312e-05,
    "predict_and_compile_model_2_multimer": 404.751264333725,
    "relax_model_2_multimer": 66.65257096290588,
    "process_features_model_3_multimer": 1.2159347534179688e-05,
    "predict_and_compile_model_3_multimer": 284.34499430656433,
    "relax_model_3_multimer": 66.75438022613525,
    "process_features_model_4_multimer": 1.5020370483398438e-05,
    "predict_and_compile_model_4_multimer": 286.0770683288574,
    "relax_model_4_multimer": 107.86673712730408,
    "process_features_model_5_multimer": 1.3113021850585938e-05,
    "predict_and_compile_model_5_multimer": 282.26342606544495,
    "relax_model_5_multimer": 36.92998027801514
}