{
    "plddts": {
        "model_1": 81.3954253754969,
        "model_2": 82.62051108911491,
        "model_3": 81.67983965005163,
        "model_4": 81.84999692999554,
        "model_5": 81.29147488956364
    },
    "order": [
        "model_2",
        "model_4",
        "model_3",
        "model_1",
        "model_5"
    ]
}