{
    "features": 1007.5670883655548,
    "process_features_model_1": 4.040774583816528,
    "predict_and_compile_model_1": 190.53695702552795,
    "relax_model_1": 161.94402956962585,
    "process_features_model_2": 4.090677261352539,
    "predict_and_compile_model_2": 179.11941194534302,
    "relax_model_2": 139.22335648536682,
    "process_features_model_3": 3.165287971496582,
    "predict_and_compile_model_3": 136.67277002334595,
    "relax_model_3": 134.31807851791382,
    "process_features_model_4": 3.1802313327789307,
    "predict_and_compile_model_4": 132.98103380203247,
    "relax_model_4": 140.6818790435791,
    "process_features_model_5": 3.1808879375457764,
    "predict_and_compile_model_5": 129.1454563140869,
    "relax_model_5": 150.55018782615662
}