{
    "features": 943.8785166740417,
    "process_features_model_1": 3.0854601860046387,
    "predict_and_compile_model_1": 206.35560989379883,
    "relax_model_1": 152.52936124801636,
    "process_features_model_2": 3.23628568649292,
    "predict_and_compile_model_2": 185.08286666870117,
    "relax_model_2": 164.37972617149353,
    "process_features_model_3": 2.471719264984131,
    "predict_and_compile_model_3": 139.2204234600067,
    "relax_model_3": 142.0004894733429,
    "process_features_model_4": 2.3947978019714355,
    "predict_and_compile_model_4": 137.2111575603485,
    "relax_model_4": 150.44562005996704,
    "process_features_model_5": 2.383737087249756,
    "predict_and_compile_model_5": 131.7178246974945,
    "relax_model_5": 142.72268748283386
}