{
    "features": 922.2986702919006,
    "process_features_model_1": 3.0664639472961426,
    "predict_and_compile_model_1": 96.09141254425049,
    "relax_model_1": 28.922894954681396,
    "process_features_model_2": 2.9578192234039307,
    "predict_and_compile_model_2": 84.27088975906372,
    "relax_model_2": 24.002542972564697,
    "process_features_model_3": 2.2355313301086426,
    "predict_and_compile_model_3": 92.14487624168396,
    "relax_model_3": 14.802934646606445,
    "process_features_model_4": 2.1379518508911133,
    "predict_and_compile_model_4": 92.09743237495422,
    "relax_model_4": 24.087085962295532,
    "process_features_model_5": 2.1815595626831055,
    "predict_and_compile_model_5": 80.5185809135437,
    "relax_model_5": 23.20404839515686
}