{
    "plddts": {
        "model_1": 85.31840644007592,
        "model_2": 86.32501221836361,
        "model_3": 86.6204114690626,
        "model_4": 85.6728776352079,
        "model_5": 85.54150311402977
    },
    "order": [
        "model_3",
        "model_2",
        "model_4",
        "model_5",
        "model_1"
    ]
}