{
    "features": 904.5340087413788,
    "process_features_model_1": 3.2465124130249023,
    "predict_and_compile_model_1": 84.96371293067932,
    "relax_model_1": 20.6564199924469,
    "process_features_model_2": 2.8562185764312744,
    "predict_and_compile_model_2": 74.27730226516724,
    "relax_model_2": 27.344038009643555,
    "process_features_model_3": 2.065380573272705,
    "predict_and_compile_model_3": 81.79933309555054,
    "relax_model_3": 26.997446060180664,
    "process_features_model_4": 2.2995615005493164,
    "predict_and_compile_model_4": 81.8103141784668,
    "relax_model_4": 16.670939683914185,
    "process_features_model_5": 2.250613212585449,
    "predict_and_compile_model_5": 71.07273316383362,
    "relax_model_5": 25.681952953338623
}