{
    "plddts": {
        "model_1": 90.67528621468263,
        "model_2": 90.810130828032,
        "model_3": 91.4479589294882,
        "model_4": 91.02066766029292,
        "model_5": 90.89879633711111
    },
    "order": [
        "model_3",
        "model_4",
        "model_5",
        "model_2",
        "model_1"
    ]
}