{
    "plddts": {
        "model_1": 88.56193247979775,
        "model_2": 88.23756917631493,
        "model_3": 87.27874812612951,
        "model_4": 88.79278580760534,
        "model_5": 87.80766945272566
    },
    "order": [
        "model_4",
        "model_1",
        "model_2",
        "model_5",
        "model_3"
    ]
}