{
    "features": 912.8861587047577,
    "process_features_model_1": 3.0844900608062744,
    "predict_and_compile_model_1": 169.27042961120605,
    "relax_model_1": 22.97454023361206,
    "process_features_model_2": 3.00921368598938,
    "predict_and_compile_model_2": 164.898939371109,
    "relax_model_2": 12.709815979003906,
    "process_features_model_3": 2.162268877029419,
    "predict_and_compile_model_3": 134.5964138507843,
    "relax_model_3": 13.723063707351685,
    "process_features_model_4": 2.193629026412964,
    "predict_and_compile_model_4": 133.34981274604797,
    "relax_model_4": 13.330251693725586,
    "process_features_model_5": 2.1510651111602783,
    "predict_and_compile_model_5": 124.13902020454407,
    "relax_model_5": 12.810303926467896
}