{
    "features": 978.1841733455658,
    "process_features_model_1": 3.140885591506958,
    "predict_and_compile_model_1": 187.31899189949036,
    "relax_model_1": 158.2444863319397,
    "process_features_model_2": 3.1427369117736816,
    "predict_and_compile_model_2": 179.23849868774414,
    "relax_model_2": 110.42905139923096,
    "process_features_model_3": 2.622833013534546,
    "predict_and_compile_model_3": 130.65052127838135,
    "relax_model_3": 130.3536503314972,
    "process_features_model_4": 2.6118292808532715,
    "predict_and_compile_model_4": 122.61204409599304,
    "relax_model_4": 123.43918561935425,
    "process_features_model_5": 2.5679619312286377,
    "predict_and_compile_model_5": 118.90248155593872,
    "relax_model_5": 179.24682760238647
}