{
    "plddts": {
        "model_1": 84.94669326540154,
        "model_2": 84.59093233811546,
        "model_3": 85.7429197097161,
        "model_4": 85.80097295467199,
        "model_5": 85.51633542302426
    },
    "order": [
        "model_4",
        "model_3",
        "model_5",
        "model_1",
        "model_2"
    ]
}