{
    "plddts": {
        "model_1": 84.79013487250734,
        "model_2": 83.06872370656224,
        "model_3": 84.53127573371526,
        "model_4": 85.34861246395687,
        "model_5": 82.28370013031187
    },
    "order": [
        "model_4",
        "model_1",
        "model_3",
        "model_2",
        "model_5"
    ]
}