{
    "features": 970.3272702693939,
    "process_features_model_1": 2.4554390907287598,
    "predict_and_compile_model_1": 184.89739346504211,
    "relax_model_1": 138.5715696811676,
    "process_features_model_2": 2.3782284259796143,
    "predict_and_compile_model_2": 173.35349440574646,
    "relax_model_2": 127.70820951461792,
    "process_features_model_3": 1.9477298259735107,
    "predict_and_compile_model_3": 127.53055429458618,
    "relax_model_3": 133.4111511707306,
    "process_features_model_4": 2.0277907848358154,
    "predict_and_compile_model_4": 136.93597078323364,
    "relax_model_4": 131.12165641784668,
    "process_features_model_5": 2.107550621032715,
    "predict_and_compile_model_5": 121.32412147521973,
    "relax_model_5": 126.73286175727844
}