{
    "features": 991.2322912216187,
    "process_features_model_1": 3.8971686363220215,
    "predict_and_compile_model_1": 215.63832259178162,
    "relax_model_1": 158.37473106384277,
    "process_features_model_2": 3.832531690597534,
    "predict_and_compile_model_2": 196.25880432128906,
    "relax_model_2": 155.11841082572937,
    "process_features_model_3": 3.0278232097625732,
    "predict_and_compile_model_3": 149.36848878860474,
    "relax_model_3": 149.53189396858215,
    "process_features_model_4": 3.028181552886963,
    "predict_and_compile_model_4": 145.91411542892456,
    "relax_model_4": 162.26252126693726,
    "process_features_model_5": 2.9037890434265137,
    "predict_and_compile_model_5": 140.37111902236938,
    "relax_model_5": 164.89502096176147
}