{
    "plddts": {
        "model_1": 85.87135533179188,
        "model_2": 86.03338427860277,
        "model_3": 82.73607047568849,
        "model_4": 85.52397566074254,
        "model_5": 83.62034550608028
    },
    "order": [
        "model_2",
        "model_1",
        "model_4",
        "model_5",
        "model_3"
    ]
}