{
    "features": 996.6738500595093,
    "process_features_model_1": 4.05194878578186,
    "predict_and_compile_model_1": 204.4804482460022,
    "relax_model_1": 172.7951819896698,
    "process_features_model_2": 4.043999433517456,
    "predict_and_compile_model_2": 199.8684368133545,
    "relax_model_2": 154.86811327934265,
    "process_features_model_3": 3.1571366786956787,
    "predict_and_compile_model_3": 147.13920140266418,
    "relax_model_3": 159.33884739875793,
    "process_features_model_4": 3.1191375255584717,
    "predict_and_compile_model_4": 143.76231932640076,
    "relax_model_4": 197.26175618171692,
    "process_features_model_5": 3.122354745864868,
    "predict_and_compile_model_5": 138.63802933692932,
    "relax_model_5": 169.59007239341736
}