{
    "plddts": {
        "model_1": 85.65782731974514,
        "model_2": 84.48377422740245,
        "model_3": 87.78813295148461,
        "model_4": 86.70919528054203,
        "model_5": 85.66611085386896
    },
    "order": [
        "model_3",
        "model_4",
        "model_5",
        "model_1",
        "model_2"
    ]
}