{
    "features": 1010.7129859924316,
    "process_features_model_1": 3.791980504989624,
    "predict_and_compile_model_1": 218.44910430908203,
    "relax_model_1": 169.40654253959656,
    "process_features_model_2": 4.163534879684448,
    "predict_and_compile_model_2": 196.08796572685242,
    "relax_model_2": 183.27860617637634,
    "process_features_model_3": 3.1055102348327637,
    "predict_and_compile_model_3": 140.90794467926025,
    "relax_model_3": 165.76145195960999,
    "process_features_model_4": 3.1868159770965576,
    "predict_and_compile_model_4": 148.15276169776917,
    "relax_model_4": 151.79351949691772,
    "process_features_model_5": 3.071422815322876,
    "predict_and_compile_model_5": 141.49985146522522,
    "relax_model_5": 169.3102674484253
}