{
    "plddts": {
        "model_1": 85.26368325162518,
        "model_2": 85.2540698175316,
        "model_3": 85.69128311663736,
        "model_4": 86.09139638665484,
        "model_5": 85.36625052859763
    },
    "order": [
        "model_4",
        "model_3",
        "model_5",
        "model_1",
        "model_2"
    ]
}