{
    "features": 882.6218550205231,
    "process_features_model_1": 3.070404529571533,
    "predict_and_compile_model_1": 195.03161883354187,
    "relax_model_1": 32.35423254966736,
    "process_features_model_2": 3.0056984424591064,
    "predict_and_compile_model_2": 179.11987495422363,
    "relax_model_2": 13.797168493270874,
    "process_features_model_3": 2.0446293354034424,
    "predict_and_compile_model_3": 161.2474570274353,
    "relax_model_3": 23.135756731033325,
    "process_features_model_4": 2.236417531967163,
    "predict_and_compile_model_4": 144.80546164512634,
    "relax_model_4": 23.757782220840454,
    "process_features_model_5": 2.162705898284912,
    "predict_and_compile_model_5": 134.71509861946106,
    "relax_model_5": 24.61784839630127
}