{
    "features": 939.6940019130707,
    "process_features_model_1": 3.1553826332092285,
    "predict_and_compile_model_1": 193.84890127182007,
    "relax_model_1": 32.91840577125549,
    "process_features_model_2": 2.9680705070495605,
    "predict_and_compile_model_2": 175.74041986465454,
    "relax_model_2": 25.04285192489624,
    "process_features_model_3": 2.242516040802002,
    "predict_and_compile_model_3": 153.02498626708984,
    "relax_model_3": 25.205977201461792,
    "process_features_model_4": 2.2630770206451416,
    "predict_and_compile_model_4": 147.6348135471344,
    "relax_model_4": 24.409257411956787,
    "process_features_model_5": 2.269864797592163,
    "predict_and_compile_model_5": 147.09440779685974,
    "relax_model_5": 16.605074644088745
}