{
    "features": 862.6625974178314,
    "process_features_model_1": 2.0702672004699707,
    "predict_and_compile_model_1": 184.00066876411438,
    "relax_model_1": 24.72703719139099,
    "process_features_model_2": 1.9920082092285156,
    "predict_and_compile_model_2": 168.5703682899475,
    "relax_model_2": 15.500793218612671,
    "process_features_model_3": 1.5603759288787842,
    "predict_and_compile_model_3": 142.0346200466156,
    "relax_model_3": 14.72823429107666,
    "process_features_model_4": 1.5901188850402832,
    "predict_and_compile_model_4": 141.04468369483948,
    "relax_model_4": 14.991535186767578,
    "process_features_model_5": 1.5781655311584473,
    "predict_and_compile_model_5": 132.1022608280182,
    "relax_model_5": 19.504294872283936
}