{
    "features": 1010.1266582012177,
    "process_features_model_1": 3.7335877418518066,
    "predict_and_compile_model_1": 188.31133103370667,
    "relax_model_1": 173.69660449028015,
    "process_features_model_2": 3.8972716331481934,
    "predict_and_compile_model_2": 180.28155064582825,
    "relax_model_2": 170.2097532749176,
    "process_features_model_3": 2.907686233520508,
    "predict_and_compile_model_3": 129.6567621231079,
    "relax_model_3": 175.9703016281128,
    "process_features_model_4": 2.731321334838867,
    "predict_and_compile_model_4": 125.08574676513672,
    "relax_model_4": 155.62184929847717,
    "process_features_model_5": 2.808310031890869,
    "predict_and_compile_model_5": 121.49101138114929,
    "relax_model_5": 183.1990156173706
}