{
    "features": 973.6908679008484,
    "process_features_model_1": 3.7565715312957764,
    "predict_and_compile_model_1": 200.97218251228333,
    "relax_model_1": 156.47042512893677,
    "process_features_model_2": 3.7697298526763916,
    "predict_and_compile_model_2": 186.24598956108093,
    "relax_model_2": 168.33849787712097,
    "process_features_model_3": 3.0198891162872314,
    "predict_and_compile_model_3": 136.4448881149292,
    "relax_model_3": 136.68267178535461,
    "process_features_model_4": 2.9558112621307373,
    "predict_and_compile_model_4": 141.92359328269958,
    "relax_model_4": 138.9055998325348,
    "process_features_model_5": 2.938632011413574,
    "predict_and_compile_model_5": 135.58190631866455,
    "relax_model_5": 154.66291093826294
}