{
    "iptm+ptm": {
        "model_1_multimer": 0.26405859687598815,
        "model_2_multimer": 0.2713845093116381,
        "model_3_multimer": 0.3006126347725371,
        "model_4_multimer": 0.25071310110366307,
        "model_5_multimer": 0.25188262420242524
    },
    "order": [
        "model_3_multimer",
        "model_2_multimer",
        "model_1_multimer",
        "model_5_multimer",
        "model_4_multimer"
    ]
}