{
    "features": 956.8401479721069,
    "process_features_model_1_multimer": 7.3909759521484375e-06,
    "predict_and_compile_model_1_multimer": 7824.939914226532,
    "relax_model_1_multimer": 21920.18552684784,
    "process_features_model_2_multimer": 1.5735626220703125e-05,
    "predict_and_compile_model_2_multimer": 5120.29595208168,
    "relax_model_2_multimer": 28686.967847585678,
    "process_features_model_3_multimer": 7.867813110351562e-06,
    "predict_and_compile_model_3_multimer": 4950.944763422012,
    "relax_model_3_multimer": 5624.7953333854675,
    "process_features_model_4_multimer": 1.1205673217773438e-05,
    "predict_and_compile_model_4_multimer": 5624.758135557175,
    "relax_model_4_multimer": 36551.6406621933,
    "process_features_model_5_multimer": 9.775161743164062e-06,
    "predict_and_compile_model_5_multimer": 6480.829365491867,
    "relax_model_5_multimer": 33227.7581744194
}