{
    "iptm+ptm": {
        "model_1_multimer": 0.3756298192778175,
        "model_2_multimer": 0.35598358843400757,
        "model_3_multimer": 0.4291553479830873,
        "model_4_multimer": 0.28623085275183535,
        "model_5_multimer": 0.35460543456107074
    },
    "order": [
        "model_3_multimer",
        "model_1_multimer",
        "model_2_multimer",
        "model_5_multimer",
        "model_4_multimer"
    ]
}