{
    "plddts": {
        "model_1": 88.01493056590954,
        "model_2": 87.8514432337782,
        "model_3": 89.0717927286934,
        "model_4": 89.05898311194704,
        "model_5": 87.33560120768338
    },
    "order": [
        "model_3",
        "model_4",
        "model_1",
        "model_2",
        "model_5"
    ]
}