{
    "features": 947.2657415866852,
    "process_features_model_1": 3.4660160541534424,
    "predict_and_compile_model_1": 188.80614829063416,
    "relax_model_1": 23.82391929626465,
    "process_features_model_2": 3.3131823539733887,
    "predict_and_compile_model_2": 184.45880031585693,
    "relax_model_2": 13.006536960601807,
    "process_features_model_3": 2.4377472400665283,
    "predict_and_compile_model_3": 153.90087628364563,
    "relax_model_3": 16.251327514648438,
    "process_features_model_4": 2.1982548236846924,
    "predict_and_compile_model_4": 148.8124063014984,
    "relax_model_4": 14.38350796699524,
    "process_features_model_5": 2.424834966659546,
    "predict_and_compile_model_5": 140.9025821685791,
    "relax_model_5": 13.314790725708008
}