{
    "features": 951.3178992271423,
    "process_features_model_1": 3.1429800987243652,
    "predict_and_compile_model_1": 189.96662831306458,
    "relax_model_1": 137.51242351531982,
    "process_features_model_2": 3.0942726135253906,
    "predict_and_compile_model_2": 182.31688284873962,
    "relax_model_2": 129.1115746498108,
    "process_features_model_3": 2.470442295074463,
    "predict_and_compile_model_3": 130.44411540031433,
    "relax_model_3": 113.29381895065308,
    "process_features_model_4": 2.3271145820617676,
    "predict_and_compile_model_4": 127.54579472541809,
    "relax_model_4": 115.67102932929993,
    "process_features_model_5": 2.379199266433716,
    "predict_and_compile_model_5": 123.20746541023254,
    "relax_model_5": 109.047114610672
}