{
    "plddts": {
        "model_1": 43.34365720679143,
        "model_2": 39.16464180516091,
        "model_3": 44.14919918203985,
        "model_4": 43.372622238762716,
        "model_5": 48.08422635024473
    },
    "order": [
        "model_5",
        "model_3",
        "model_4",
        "model_1",
        "model_2"
    ]
}