{
    "features": 915.6878762245178,
    "process_features_model_1": 2.606358766555786,
    "predict_and_compile_model_1": 163.23305463790894,
    "relax_model_1": 26.784449815750122,
    "process_features_model_2": 1.328679084777832,
    "predict_and_compile_model_2": 146.5041847229004,
    "relax_model_2": 15.83940315246582,
    "process_features_model_3": 1.071969747543335,
    "predict_and_compile_model_3": 124.3800847530365,
    "relax_model_3": 16.901843070983887,
    "process_features_model_4": 1.1662673950195312,
    "predict_and_compile_model_4": 125.6947853565216,
    "relax_model_4": 15.902419090270996,
    "process_features_model_5": 1.2317006587982178,
    "predict_and_compile_model_5": 117.84015655517578,
    "relax_model_5": 16.83347749710083
}