{
    "features": 948.3631074428558,
    "process_features_model_1": 2.4847590923309326,
    "predict_and_compile_model_1": 196.2092480659485,
    "relax_model_1": 180.97494673728943,
    "process_features_model_2": 2.377544403076172,
    "predict_and_compile_model_2": 183.09901094436646,
    "relax_model_2": 187.89950466156006,
    "process_features_model_3": 1.9930660724639893,
    "predict_and_compile_model_3": 136.7037959098816,
    "relax_model_3": 205.9716899394989,
    "process_features_model_4": 1.991668462753296,
    "predict_and_compile_model_4": 135.52560567855835,
    "relax_model_4": 192.6925106048584,
    "process_features_model_5": 2.084127902984619,
    "predict_and_compile_model_5": 129.93615102767944,
    "relax_model_5": 374.56303358078003
}