{
    "features": 1004.1447389125824,
    "process_features_model_1": 4.022305011749268,
    "predict_and_compile_model_1": 195.006441116333,
    "relax_model_1": 92.09857177734375,
    "process_features_model_2": 3.85197114944458,
    "predict_and_compile_model_2": 187.4241225719452,
    "relax_model_2": 118.59986877441406,
    "process_features_model_3": 2.932380199432373,
    "predict_and_compile_model_3": 126.66325211524963,
    "relax_model_3": 95.42215418815613,
    "process_features_model_4": 2.9559643268585205,
    "predict_and_compile_model_4": 122.19079303741455,
    "relax_model_4": 137.2647442817688,
    "process_features_model_5": 3.0196452140808105,
    "predict_and_compile_model_5": 117.44777774810791,
    "relax_model_5": 135.44768071174622
}