{
    "features": 952.4822080135345,
    "process_features_model_1": 3.390666961669922,
    "predict_and_compile_model_1": 227.65424346923828,
    "relax_model_1": 28.186257123947144,
    "process_features_model_2": 3.3465116024017334,
    "predict_and_compile_model_2": 203.34652948379517,
    "relax_model_2": 26.98746609687805,
    "process_features_model_3": 2.3330929279327393,
    "predict_and_compile_model_3": 186.31331300735474,
    "relax_model_3": 16.48088312149048,
    "process_features_model_4": 2.5266122817993164,
    "predict_and_compile_model_4": 179.76115798950195,
    "relax_model_4": 16.303919315338135,
    "process_features_model_5": 2.3475403785705566,
    "predict_and_compile_model_5": 166.21983432769775,
    "relax_model_5": 26.608399868011475
}