{
    "features": 996.9702706336975,
    "process_features_model_1": 3.894538402557373,
    "predict_and_compile_model_1": 199.6683430671692,
    "relax_model_1": 179.44713020324707,
    "process_features_model_2": 4.065002918243408,
    "predict_and_compile_model_2": 188.39889526367188,
    "relax_model_2": 195.57309222221375,
    "process_features_model_3": 3.123772382736206,
    "predict_and_compile_model_3": 148.51926946640015,
    "relax_model_3": 197.18664002418518,
    "process_features_model_4": 2.9426722526550293,
    "predict_and_compile_model_4": 143.89975428581238,
    "relax_model_4": 193.47810769081116,
    "process_features_model_5": 2.8818795680999756,
    "predict_and_compile_model_5": 138.19980597496033,
    "relax_model_5": 194.81256127357483
}