{
    "plddts": {
        "model_1": 89.05643081854356,
        "model_2": 89.28561686505275,
        "model_3": 87.57464595906887,
        "model_4": 89.22222539048546,
        "model_5": 89.09046641010558
    },
    "order": [
        "model_2",
        "model_4",
        "model_5",
        "model_1",
        "model_3"
    ]
}