{
    "plddts": {
        "model_1": 86.63074555867703,
        "model_2": 83.21408963269131,
        "model_3": 85.71488615871834,
        "model_4": 84.54181828200336,
        "model_5": 84.60332856234261
    },
    "order": [
        "model_1",
        "model_3",
        "model_5",
        "model_4",
        "model_2"
    ]
}