{
    "plddts": {
        "model_1": 67.20196359768876,
        "model_2": 76.00102977500397,
        "model_3": 70.07953983932272,
        "model_4": 71.44527521271604,
        "model_5": 73.6909991282573
    },
    "order": [
        "model_2",
        "model_5",
        "model_4",
        "model_3",
        "model_1"
    ]
}