{
    "features": 927.9526853561401,
    "process_features_model_1": 3.014089345932007,
    "predict_and_compile_model_1": 186.06056547164917,
    "relax_model_1": 31.138322114944458,
    "process_features_model_2": 2.803746461868286,
    "predict_and_compile_model_2": 174.35390996932983,
    "relax_model_2": 20.54694104194641,
    "process_features_model_3": 2.164940357208252,
    "predict_and_compile_model_3": 143.55327105522156,
    "relax_model_3": 21.037217617034912,
    "process_features_model_4": 2.1846365928649902,
    "predict_and_compile_model_4": 141.9870204925537,
    "relax_model_4": 21.27360248565674,
    "process_features_model_5": 2.18190860748291,
    "predict_and_compile_model_5": 131.82374835014343,
    "relax_model_5": 21.34172534942627
}