{
    "plddts": {
        "model_1": 87.30411747736336,
        "model_2": 87.26558985405524,
        "model_3": 87.27380158094851,
        "model_4": 86.39963656780361,
        "model_5": 86.73467939524701
    },
    "order": [
        "model_1",
        "model_3",
        "model_2",
        "model_5",
        "model_4"
    ]
}