{
    "features": 971.3064317703247,
    "process_features_model_1": 3.750610589981079,
    "predict_and_compile_model_1": 239.81494784355164,
    "relax_model_1": 37.24266839027405,
    "process_features_model_2": 3.445155143737793,
    "predict_and_compile_model_2": 222.03587555885315,
    "relax_model_2": 26.527706623077393,
    "process_features_model_3": 2.599405527114868,
    "predict_and_compile_model_3": 195.56859517097473,
    "relax_model_3": 19.5002920627594,
    "process_features_model_4": 2.5320732593536377,
    "predict_and_compile_model_4": 195.42225432395935,
    "relax_model_4": 27.048388242721558,
    "process_features_model_5": 2.653298854827881,
    "predict_and_compile_model_5": 169.7594952583313,
    "relax_model_5": 28.55365538597107
}