{
    "plddts": {
        "model_1": 86.78058125351221,
        "model_2": 86.5283242147043,
        "model_3": 86.71064660125515,
        "model_4": 84.430917585127,
        "model_5": 83.21259295466787
    },
    "order": [
        "model_1",
        "model_3",
        "model_2",
        "model_4",
        "model_5"
    ]
}