{
    "iptm+ptm": {
        "model_1_multimer": 0.7803625377148738,
        "model_2_multimer": 0.5457032044787656,
        "model_3_multimer": 0.7881446884692507,
        "model_4_multimer": 0.6600160419923146,
        "model_5_multimer": 0.7424233592211628
    },
    "order": [
        "model_3_multimer",
        "model_1_multimer",
        "model_5_multimer",
        "model_4_multimer",
        "model_2_multimer"
    ]
}