{
    "features": 858.721702337265,
    "process_features_model_1_multimer": 6.9141387939453125e-06,
    "predict_and_compile_model_1_multimer": 320.43457674980164,
    "relax_model_1_multimer": 48.915950536727905,
    "process_features_model_2_multimer": 5.245208740234375e-06,
    "predict_and_compile_model_2_multimer": 301.3599445819855,
    "relax_model_2_multimer": 56.1372549533844,
    "process_features_model_3_multimer": 1.8835067749023438e-05,
    "predict_and_compile_model_3_multimer": 306.4012928009033,
    "relax_model_3_multimer": 58.786518812179565,
    "process_features_model_4_multimer": 1.8358230590820312e-05,
    "predict_and_compile_model_4_multimer": 599.9949071407318,
    "relax_model_4_multimer": 80.03003239631653,
    "process_features_model_5_multimer": 5.0067901611328125e-06,
    "predict_and_compile_model_5_multimer": 433.58912205696106,
    "relax_model_5_multimer": 98.84335923194885
}