{
    "plddts": {
        "model_1": 85.9199220251198,
        "model_2": 86.16217178152807,
        "model_3": 85.96892386498403,
        "model_4": 84.42093954709196,
        "model_5": 85.28426663536122
    },
    "order": [
        "model_2",
        "model_3",
        "model_1",
        "model_5",
        "model_4"
    ]
}