{
    "features": 1007.8776814937592,
    "process_features_model_1": 3.8523643016815186,
    "predict_and_compile_model_1": 43.80304431915283,
    "relax_model_1": 185.32913064956665,
    "process_features_model_2": 3.5357377529144287,
    "predict_and_compile_model_2": 37.62553954124451,
    "relax_model_2": 159.8969030380249,
    "process_features_model_3": 2.8707118034362793,
    "predict_and_compile_model_3": 41.286192655563354,
    "relax_model_3": 179.30414724349976,
    "process_features_model_4": 2.899712085723877,
    "predict_and_compile_model_4": 41.31459951400757,
    "relax_model_4": 168.12049341201782,
    "process_features_model_5": 2.9510574340820312,
    "predict_and_compile_model_5": 35.29289221763611,
    "relax_model_5": 156.18269848823547
}