{
    "plddts": {
        "model_1": 86.71341469226091,
        "model_2": 86.71378944252841,
        "model_3": 86.66637362143925,
        "model_4": 86.33693053824256,
        "model_5": 86.7616221987638
    },
    "order": [
        "model_5",
        "model_2",
        "model_1",
        "model_3",
        "model_4"
    ]
}