{
    "plddts": {
        "model_1": 86.21812845679477,
        "model_2": 87.12730806166684,
        "model_3": 84.99749024331346,
        "model_4": 87.13216520431433,
        "model_5": 82.51119491699103
    },
    "order": [
        "model_4",
        "model_2",
        "model_1",
        "model_3",
        "model_5"
    ]
}