{
    "features": 996.0262796878815,
    "process_features_model_1": 3.908419370651245,
    "predict_and_compile_model_1": 210.72583293914795,
    "relax_model_1": 174.297119140625,
    "process_features_model_2": 3.9415812492370605,
    "predict_and_compile_model_2": 196.20100665092468,
    "relax_model_2": 154.2677764892578,
    "process_features_model_3": 2.9499619007110596,
    "predict_and_compile_model_3": 139.57057547569275,
    "relax_model_3": 156.62185072898865,
    "process_features_model_4": 2.9262914657592773,
    "predict_and_compile_model_4": 136.63489723205566,
    "relax_model_4": 184.90151119232178,
    "process_features_model_5": 2.923004627227783,
    "predict_and_compile_model_5": 142.2984127998352,
    "relax_model_5": 165.38726592063904
}