{
    "features": 1003.5687997341156,
    "process_features_model_1": 3.9281890392303467,
    "predict_and_compile_model_1": 46.95340704917908,
    "relax_model_1": 184.08578491210938,
    "process_features_model_2": 3.811009645462036,
    "predict_and_compile_model_2": 40.98040843009949,
    "relax_model_2": 197.67236137390137,
    "process_features_model_3": 2.8530867099761963,
    "predict_and_compile_model_3": 44.53268218040466,
    "relax_model_3": 175.75347900390625,
    "process_features_model_4": 3.0754127502441406,
    "predict_and_compile_model_4": 44.55091738700867,
    "relax_model_4": 270.0569007396698,
    "process_features_model_5": 2.8937792778015137,
    "predict_and_compile_model_5": 38.39120149612427,
    "relax_model_5": 183.36173796653748
}