{
    "plddts": {
        "model_1": 85.82801632061383,
        "model_2": 85.17974538593714,
        "model_3": 84.70759559134913,
        "model_4": 83.39375278148724,
        "model_5": 84.61927938840562
    },
    "order": [
        "model_1",
        "model_2",
        "model_3",
        "model_5",
        "model_4"
    ]
}